Title,Abstract
The Specifics of Building a Cross-Platform OPC UA Server for a CNC System,"There is a justified need for a cross-platform implementation of an OPC UA server for a CNC system. The available open-source libraries that implement the OPC UA stack have been analyzed, and a solution based on open62541 has been selected. An architectural model for the interaction between the OPC UA server and the CNC system core has been proposed. In addition to the traditional mechanism for obtaining current data values from the CNC system core, the OPC UA server implements a mechanism for working with historical data and a mechanism for controlling the CNC system by sending commands through a control channel via a callback method. Class diagrams illustrating the implementation of these mechanisms have been provided. An OPC UA client has been developed in C# programming language for testing the cross-platform OPC UA server of the CNC system."
A Domain-Driven Design Oriented OPC UA Server Development Methodology for CPPS,"Software has become an integral part of production automation systems and it is going to play a key role in the realization of Cyber-Physical Production Systems (CPPSs), a software-defined futuristic smart production environment. However, the emergence of CPPS has led to the development of a new genre of software tools that aims to bridge the gap between the machine world and the software domain. Examples of such tools are Open Platform Communication Unified Architecture (OPC UA) based software applications that are seen as potential enablers for CPPS. Building OPC UA server applications for CPPS could pose multiple challenges which could be addressed using established software development approaches. In this paper, we investigated the well-known Domain-Driven Design (DDD) based software development concept and its applicability regarding the development of an OPC UA server application for CPPS."
Smart Energy Town: Constructing OPC UA-Based Network Architecture,"This paper focuses on the integration of Open Platform Communication Unified Architecture (OPC UA) technology in the context of smart energy towns. With the increasing importance of carbon neutrality, efforts are being made to replace power generation with carbon reduction technologies based on renewable energy. However, challenges arise in terms of system integration and interoperability in smart energy towns, which require the coordination of diverse energy sources and ensuring network stability and security. By applying OPC UA, this paper aims to efficiently manage heterogeneous systems, and enable system expansion and emergency response. The paper presents the architecture of a smart energy town, discusses network establishment, implementation of OPC UA-based semantic energy devices, and provides a case study of a SCADA system. This paper contributes to the effective management and integration of distributed energy assets in smart energy towns."
Seamless Integration of Legacy Industrial Systems with OPC UA for Enhanced Digital Transformation,"The integration of legacy systems with modern control technologies is a significant challenge in the digital transformation of industrial environments. Many facilities still rely on outdated equipment that lacks compatibility with contemporary communication standards like OPC UA (Open Platform Communications Unified Architecture). This paper proposes a comprehensive solution to bridge this gap by developing OPC UA wrappers and adapters that facilitate communication between legacy systems and modern control infrastructures. The approach involves translating data from various legacy protocols into the OPC UA format, enabling seamless data exchange and interoperability. A central OPC UA server is implemented to aggregate and normalize data, providing a unified and secure platform for real-time monitoring and control. The proposed solution was evaluated in a simulated industrial environment, demonstrating effective data integration, enhanced performance, robust security, and high operator satisfaction. The results validate the feasibility of using OPC UA to integrate legacy systems, supporting digital transformation and fostering a more connected industrial ecosystem."
Design and Implementation of Control System for Deep-Sea Dry Recovery Unit Based on OPC UA,"This paper designs and develops a control system based on the OPC UA for the requirements of the deep-sea dry recovery unit. In terms of hardware, the idea of decentralized collection and centralized control is adopted, with multiple IO modules arranged to collect device data. On the software side, establish the OPC UA information model and server to store the status data uploaded by the IO module, and send user instructions to the IO modules to generate a control signal output to devices. The user interface development was completed using QML language, based on the OPC UA client. Finally, the system functionality was verified through prototype testing."
OPC UA over TSN (Time Sensitive Network) for Vertical and Machine to Machine Communication,"This report introduces OPC UA (Open Platform Communication- Unified Architecture) over TSN (Time Sensitive Network), a transformative technology for Industry 4.0. Combining OPC UA's vendor-independent and secure data exchange capabilities with the precision and determinism of TSN, OPC UA TSN is poised to revolutionize industrial communication. It enables horizontal and vertical data exchange in smart factories, offering a robust solution for control-level communication. The report discusses its architectural foundations, key technologies, and practical implementations. By seamlessly integrating with existing industrial systems, OPC UA over TSN is set to meet the evolving requirements of Industry 4.0. Its potential for reducing latency and enhancing performance makes it a promising solution for the future of smart manufacturing."
"A Survey on OPC UA Protocol: Overview, Challenges and Opportunities","Industrial communication plays a crucial role in modern automation by enabling control, monitoring, quality assessment, maintenance, and integration of management systems in production and manufacturing processes. OPC UA has emerged as one of the most widely utilized protocols in recent years, as evidenced by its growing number of applications, and is considered to be one of the most promising protocols for the future. Given its significance, this work aims to provide an overview that characterizes the current state of the protocol. To accomplish this, a systematic review of 238 relevant studies was conducted to extract relevant data. The results obtained provide an up-to-date overview of the field, as well as identify several potential research directions, challenges, and opportunities for further research on OPC UA."
OPC UA Implementation for Industrial Automation - Part 1: Evaluating the Performance of PubSub Model,"OPC UA (Open Platform Communications Unified Architecture) is emerging as the leading technology for facilitating machine-to-machine (M2M) and machine-to-cloud (M2C) communications in the field of industrial automation. It provides a unified protocol that enables seamless data transfer from sensors to the cloud, making it a widely adopted standard. With the introduction of Part 14: Publisher and Subscriber (PubSub) to the OPC specification, M2M communication with a shared information model becomes possible, offering scalability and efficiency in data exchange between machines. In this view, this paper aims to evaluate the applicability of the newly introduced PubSub model for industrial communications. Specifically, this research focuses on analyzing the performance of the OPC UA stack using two different operating systems: Embedded Linux (open source) and VxWorks (proprietary RTOS). The performance metric utilized is the Round-trip time (RTT), which measures the time required for data to complete one closed loop. The experimental results show that OPC UA PubSub exhibits robust performance, indicating its suitability for real-time industrial use cases."
Broker-Less OPC UA PubSub Communication Model Performance Analysis,"The advent of Industrial Internet of Things (IIoT) has accelerated the adoption of OPC UA (Object Linking and Embedding for Process Control Unified Architecture) PubSub communication models, enabling efficient data exchange in industrial automation systems. This study delves into the performance analysis of a broker-less OPC UA PubSub communication model, a paradigm gaining prominence for its potential to streamline communication in distributed systems. Our methodology involves the establishment of a representative test environment, configuration of OPC UA PubSub components without an intermediary broker, and the design of diverse test scenarios. The results of this performance analysis not only reveal the inherent capabilities of the broker-less OPC UA PubSub communication model but also identify potential bottlenecks and areas for optimization. This research advances our understanding of broker-less OPC UA PubSub communication models, offering empirical evidence of their performance in diverse scenarios."
Design and Implementation of an OPC UA-Based Cloud System for the Management of Distributed Microgrid Networks,"This paper presents an Open Platform Communications Unified Architecture (OPC UA)-based cloud system designed for managing distributed microgrid networks. The paper proposes a three-layer model specifically tailored to manage microgrids within cloud environments and defines an appropriate level of the information model for each layer. Moreover, the use of the JSON format for transmitting the OPC UA information model within the cloud environment is emphasized. A detailed diagram, tailored for a testbed at SeoulTech University, is illustrated to showcase the system's potential application in the context of distributed microgrids. This diagram is intended for future application to the testbed, demonstrating its practical utility in managing distributed microgrids. The discussion also encompasses the communication protocols necessary for each layer, offering a comprehensive understanding of the operational requirements of the proposed cloud system."
A Novel OPC UA PubSub Protocol Binding Using MQTT for Sensor Networks (MQTT-SN),"In this paper, we present the integration of MQTT for Sensor Networks (MQTT-SN) into OPC Unified Architecture (OPC UA) as a novel publish/subscribe (PubSub) protocol binding in order to enhance the industrial communication stack. By leveraging the lightweight MQTT-SN protocol, which is currently not considered in the architecture, we improve OPC UA's capability for high-frequency, low-latency messaging, which is essential for Industrial Internet of Things (IIoT) applications. We discuss related work and describe the design and implementation in detail. Our hybrid approach combines the rich data modeling and security capabilities of OPC UA with the communication efficiency of MQTT-SN, providing a scalable solution for real- time data management in industrial automation systems."
Experimental Platform for Testing Open Process Automation Technologies Based on OPC UA and IEC 61499,"This paper presents a process control system platform for testing Open Process Automation technologies and Industrial Internet of Things attributes. The platform comprises a temperature process and two controllers running a distributed IEC 61499 function blocks application. The OPC UA protocol is used for the data exchange between the devices, with the definition of an information model. A test was performed by connecting an external client to the platform to monitor and control the process variables. By combining the IEC 61499 distributed control applications with the OPC UA protocol, the setup is used to assess the attributes of interoperability, modularity and application portability."
Research on Data Acquisition and Remote Monitoring System Based on Digital Twin and OPC UA Technology,"Addressing the challenges of inconsistent communication protocols of underlying manufacturing equipment, difficulty in data collection integration, and low degree of remote real-time visualization monitoring in the production process of intelligent manufacturing lines, a data collection and remote monitoring system based on digital twin technology and OPC UA technology is being researched. Based on the twin model of the intelligent manufacturing line and the OPC UA client-server architecture, the overall framework of the data collection system and remote monitoring system is designed; the key technologies for implementing this system are researched, namely, multi-dimensional modeling technology oriented to digital twins, data collection technology based on OPC UA, and remote monitoring technology with two and three-dimensional collaborative representation. Based on these technologies, the virtual-real mapping of the physical production line and the virtual model within the digital twin platform is realized, completing the data collection and cloud storage of each manufacturing equipment in the production line and the remote monitoring of the two-dimensional visualization panel and three-dimensional model collaborative representation in the virtual environment."
Implement of Data Communication in Smart Factory with OPC-UA Architecture,"In response to the increasing demand for information collection and data communication in automated control devices in an intelligent manufacturing factory, this paper proposes an OPC UA-based intelligent communication method for factory automation and discusses its communication principles and network architecture in detail. This paper also explores the integration of OPC UA with devices such as industrial robot ROS systems and sensor-embedded systems and introduces a Python-based data communication program design method. Ultimately, this paper successfully develops an MES robot monitoring module based on the OPC UA architecture and conducts a case study. The practical application results show that OPC UA-based data communication technology has high versatility and compatibility, and can effectively achieve data integration and unified management of intelligent workshop equipment information. This technology has broad application prospects and promotional value, providing a useful reference for the information construction of intelligent manufacturing factories."
Application of AutomationML/OPC UA in Robot Interoperability,"This paper focuses on the application of AutomationML (AML) and Open Platform Communications Unified Architecture (OPC UA) in robot interoperability, aiming to promote the intelligence and interoperability of production systems in the era of Industry 4.0. By analyzing the current challenges of industrial robot interoperability, especially in terms of data standardization, a robot system architecture is proposed to improve the compatibility and information exchange efficiency between different types of robots. Research methods include system architecture design, integration of AML and OPCUA methods, and their empirical application in real-world manufacturing environments. The results confirm the feasibility and practicability of the method in the application of industrial robots, and give different devices higher interoperability and flexible response ability. It provides a theoretical basis and practical guidance for the development of intelligent manufacturing systems in the future, and has important practical significance and application value in improving the level of industrial digitalization and intelligence."
Ontology Mapping-Based Semantic Reasoning with OPC UA for Heterogeneous Industrial Devices,"The advent of smart manufacturing in Industry 4.0 signifies the arrival of the era of connections. As an excellent communication protocol, Object linking and embedding for Process Control Unified Architecture (OPC UA) can address most semantic heterogeneity issues. However, its semantics are not formally defined at the application layer. To address the information silo problem caused by semantic heterogeneity, a method named Querying of Ontology Mapping-based OPC UA (QOMOU) is proposed. It extracts the information models of OPC UA servers into resource description framework triples, utilizes web ontology language for semantic enrichment and inference, and employs a semantic similarity model for event ontology mapping to improve query efficiency. The method's effectiveness is validated through functional queries using the SPARQL protocol in Apache Jena. The query efficiency is 5% higher on average compared to both structured query and extensible markup languages. Moreover, by employing a keyword-matching algorithm, the query accuracy of the existing heterogeneous data integration scheme is improved by 4% on average. This enhancement can boost the operational efficiency of Internet of Things systems based on the OPC UA architecture."
Extending the OPC UA Companion Specification for an IEC 61499-based Control System,"The IEC 61499-based distributed control model is gradually gaining popularity among the stakeholders involved in the field of cyber-physical production systems. Integration of IEC 61499 with the Open Platform Communication Unified Architecture (OPC UA) will ease the effort required for horizontal as well as vertical integration of distributed control applications. In our previous work, we mapped the function block model and the application model of the IEC 61499 standard to OPC UA. This work-in-progress paper is intended to be an extension of our previous work that demonstrates the mapping of the resource, device, and the system model to OPC UA."
LoRaWAN Sensors Integration for Manufacturing Applications via Edge Device Model with OPC UA,"The article deals with the integration of Lo(ng) Ra(nge) Wide Area Network (LoRaWAN) sensors with generic manufacturing applications and Industrial Internet of Things (IIoT) use-cases. The focus is on creating a suitable Edge device model that enables the integration of specific Long Range (LoRa) sensors together with the other generic Internet of Things (IoT/IIoT). The model is based on the Open Platform Communications Unified Architecture (OPC UA) standard, which is the most suitable integration platform for various control systems and manufacturing applications. The model was implemented in Node-RED software and subsequently validated to confirm the required integration of LoRaWAN sensors within OPC UA models. In contrast to other approaches based on integration gateway or LoRaWAN/OPC UA protocol convertors, the proposed model utilizes extended capabilities of Edge computing. It enables Edge processing and data transformation of LoRaWAN sensors data transferred by Message Queuing Telemetry Transport (MQTT) protocol from the network server, based on requirements of manufacturing applications for cloud solutions."
Distributed System with OPC UA and Industrial Internet for IEC 61499 Function Blocks,"This paper presents as a contribution an Industrial Internet system that enables the distributed execution of assembly and counting of industrial parts, using Function Blocks of Standard IEC 61499, which normally occurs in a centralized way. The Function Blocks run on microcontrollers that communicate via the OPC UA (Open Platform Communications Unified Architecture) protocol with the Factory I/O, a 3D factory simulation software, which operates on an end device. Experiments were carried out to measure the latency obtained with the OPC UA and the results confirm that the solution does not add delays that affect the application's operation."
"Mapping of OPC UA FX to the Asset Administration Shell and Capability, Skill and Service Model","The current research trends in the field of manufacturing process optimization tackle the question of how to realize manufacturer-independent flexible manufacturing through the standardization of various technologies. Through the combination of Open Platform Communication Unified Architecture Field eXchange (OPC UA FX), the Asset Administration Shell (AAS) and the Capability, Skill, and Service model (CSS model) an automated reconfiguration of real-time capable communication in an industrial environment can be achieved. This paper presents an approach for the first steps of implementation of this concept. First the requirements are discussed which are needed to enable the concept. Then possible AAS submodels that fulfill these requirements are presented. Based on this discussion an example using a linear axis with a movement functionality is modelled in the AAS using the Asset Interface Description (AID) submodel and in the OPC UA information model for evaluation of the approach. Enabling an on-the-fly reconfiguration of real-time capable communication allows for optimization and faster reaction to changes in production demands."
Automatic Information Model Generation for Industrial Edge Applications Based on IEC 61499 and OPC UA,The Industry 4.0 and Industrial Internet provides vertical and horizontal integration between edge devices and industrial cloud platforms. A flexible and interoperable information model is crucial for enabling device-level intelligence as well as cloud-edge collaboration. Deep integration between the control and information model is necessary for supporting closed-loop optimization between the cloud and edge devices. This article proposes an automatic information model generation method based on the IEC 61499 and OPC unified architecture standards. Model transformation rules between two models from design time to runtime are presented. A discrete manufacturing case study is used to prove that the proposed method can significantly reduce the development time for distributed information models. The integrated control and information models at runtime can provide strong support for dynamic reconfiguration to address changing requirements.
OPC UA Implementation for Industrial Automation - Part 2: Integrating PubSub Model with TSN,"The advent of Industry 4.0 has brought out a new era of automation, highlighting the importance of seamless integration and interoperability across diverse systems in industrial environments. To facilitate efficient and secure data exchange, the OPC UA (Open Platform Communications Unified Architecture) has emerged as a standardized communication framework in industrial automation. However, the traditional Ethernet-based infrastructure utilized for OPC UA cannot meet the stringent real-time requirements of time-critical applications. In industries relying on motion control applications like robotics or automated manufacturing, fast machine-to-machine communication is crucial. These applications demand precise and rapid data exchange to ensure the smooth and coordinated movement of machines. To address this challenge, it is crucial to assess the performance of the newly introduced Time-Sensitive Networking (TSN) implementation and verify its ability to meet the requirements for critical industry applications. In this view, this paper implements OPC UA by integrating the OPC UA PubSub (Publisher-Subscriber) model with TSN. TSN represents a set of standards developed to enable deterministic and low-latency communication over Ethernet networks. Experimental results provide clear evidence that the combination of OPC UA with TSN improves performance, making it well-suited for demanding real-time applications."
On the integration of OPC UA over Wired – Wireless Time Sensitive Networking,"This paper deals with the integration of OPC UA over Wireless / Wired (Hybrid) Networks with Time Sensitive Networking (TSN) capabilities. We propose a HW/SW device architecture, based on the SHARP platform, to enable the integration of OPC UA and Hybrid TSN. The integration includes both the OPC UA Client/Server and PubSub mechanism. Based on the device architecture, we built a HW testbed that integrated Hybrid TSN and OPC UA to assess its performance. The results demonstrate that the network can provide seamless application interoperability and that can satisfy the traffic needs in a typical industrial setup. However, the paper also highlights that there is still significant research to be done to achieve deep integration between OPC UA and Hybrid TSN."
Development and Use of OPC UA Tools for Data Collection and Monitoring of Technological Equipment,"The aim of this research is to develop a specialized system for collecting and storing CNC machines data considering the possibilities of innovative technologies of OPC UA protocol, in this work an OPC UA information model was proposed and realized in OPC UA server which reflects the logical structure of a CNC machine. This research will present a collecting data method from the digital shadow of CNC system where a complete set of parameters hierarchically structured and transmit the whole set of these parameters through the OPC UA server to production data collection cloud for performing subsequent analyzing, forecasting the state of technological equipment and performing simulation procedures."
Adopting OPC UA for Efficient and Secure Firmware Transmission in Industry 4.0 Scenarios,"In the realm of Industry 4.0, the Open Platform Communications Unified Architecture (OPC UA) enables secure and efficient communication among diverse industrial machines. This paper explores the potential of OPC UA, specifically its File Transfer mechanism, for secure inter-company firmware transmission: in particular, we implement a design that authorizes an Automatic Test Equipment (ATE) to download a firmware from a remote server for On-Board Programming (OBP). Our approach harnesses the inherent strengths of the protocol — robust data integrity, encryption, and authentication — to achieve a “secure by design” solution. This enhances firmware transmission and introduces a valuable use case for the OPC UA community, particularly those exploring File Transfer capabilities. We implemented our solution with the open-source OPC UA-.NETStandard library and evaluated it with the OPC UA Exploitation Framework to identify and address potential vulnerabilities. This paper showcases the real-world effectiveness and scalability of the OPC UA File Transfer mechanism, paving the way for secure and efficient collaboration in Industry 4.0."
A Proposal for OPC UA Companion Specification for IEC 61499 Based Control Application,8
Evaluation of Hardware-in-the-Loop-based Converter/Inverter Digital Twins for Microgrids Using the OPC Unified Architecture Platform,"This paper compares the average output error rates of the information models of converters/inverters based on actual microgrid equipment with those designed using Hardware-in-the-Loop (HIL). The microgrid environment implemented at the Mirae building of Seoul National University of Science and Technology was virtually designed using HIL, and Open Platform Community Unified Architecture (OPC UA) information models were employed to digitalize the converters/inverters of each microgrid as virtual assets. The microgrid environment designed in HIL equipment consists of three batteries, three converters, two inverters, a photovoltaic (PV) system, and the Mirae building load including three EV chargers. To verify the similarity between the actual and simulated microgrid, a scenario was executed where the batteries were charged and discharged at 20 kW, 0 kW, and -20 kW in 10-minute intervals. The average error rates of the output power of the converters/inverters information models implemented via OPC UA ranged from a minimum of 0.38% to a maximum of 9.60%. Consequently, it was verified that the Mirae building digital twin, designed based on HIL and OPC UA, can operate similarly to the actual environment, ensuring an average error rate below 9.60%."
ML-Based Synthetic OPC UA Traffic Generation for Covert Channel Transmission,"This paper presents a novel approach for generating synthetic OPC UA traffic using a hybrid model that combines Variational Autoencoders (VAE) and Long Short-Term Memory (LSTM) networks to address the cybersecurity challenges in industrial automation systems. The Open Platform Communications Unified Architecture (OPC UA) is widely adopted for its versatility and secure data exchange capabilities across various sectors. However, the sensitive nature of OPC UA data traffic presents significant challenges in cybersecurity, particularly concerning covert channel attacks. These attacks exploit legitimate communication protocols to stealthily transmit information, leading to potential data breaches and unauthorized access. By creating realistic, privacy-preserving synthetic data, the model facilitates the analysis and detection of covert channel attacks—stealthy methods used to transmit unauthorized information through legitimate communication protocols. This approach not only provides a valuable dataset for researchers but also supports the development and evaluation of robust mitigation strategies without the need for sensitive real-world data. Demonstrating the model's effectiveness through the successful embedding of covert messages, this work paves the way for enhanced security measures in OPC UA networks and contributes significantly to the field of industrial cybersecurity."
Performance Evaluation of OPC UA and MQTT for ETAT Smart Lab (ESL),"The Eastern Economic Corridor (EEC) serves as a key and central strategic initiative within the broader Thailand 4.0 framework. The ETAT project aims to establish dedicated engineering education and training centers for participating universities, providing essential support and skills development opportunities for engineers and young professionals. As one of the project partners, Rajabhat Rajanagarindra University (RRU) has undertaken the development of the ETAT Smart Lab to design a smart agricultural system that incorporates the Internet of Things (IoT), programmable logic controllers (PLCs), and Raspberry Pi. In this study, we focus on the ETAT Smartlab environment, specifically on the task of transferring data from RS-485 Modbus sensors to the PLCnext platform using both OPC UA and MQTT protocols. Our method for evaluating performance in this context focuses on measuring the time stamp differences between the source and destination endpoints. The research shows that the OPC UA protocol provides superior performance for transmitting sensor data to ETAT Smart Lab."
Smart Manufacturing Integration of Heterogeneous Information Systems via OPC UA. A Case Study,"Modern automation, digitalization, virtualization, and intelligent production impose new criteria and approaches to process management. The operation and performance of any system and device depend on how it is managed. The article describes Smart Manufacturing Integration of Heterogeneous Information Systems via OPC UA. The main goal is the development of heterogeneous information systems with real applications, with which reliable and up-to-date information can be exchanged between systems of different hierarchical levels. The goal was achieved with the following steps i) building the research infrastructure ii) analyzing the information compatibility and challenges in integrating systems from different hierarchical levels, and iii) implementing the integration by means of the OPC-UA standard communication protocol. The setup has been tested under laboratory conditions. The obtained results are shown."
Implementing OPC UA architecture using open62541,"In the field of industrial automation, the diversity of products and protocols poses significant challenges for system integration. OPC UA (Open Platform Communications Unified Architecture) is a standardized communication protocol that aims to unify and support interoperability among various systems and devices. This paper explores the applications and challenges of Open62541 in implementing OPC UA. It discusses the implementation of the server/client and publish/subscribe communication models within OPC UA. By comparing these communication models, this paper provides insights into their respective advantages and limitations. Ultimately, Open62541 offers a reliable and flexible solution for addressing system integration issues in industrial automation."
A Mini Review on the utilization of Reinforcement Learning with OPC UA,"Reinforcement Learning (RL) is a powerful machine learning paradigm that has been applied in various fields such as robotics, natural language processing and game playing achieving state-of-the-art results. Targeted to solve sequential decision making problems, it is by design able to learn from experience and therefore adapt to changing dynamic environments. These capabilities make it a prime candidate for controlling and optimizing complex processes in industry. The key to fully exploiting this potential is the seamless integration of RL into existing industrial systems. The industrial communication standard Open Platform Communications Unified Architecture (OPC UA) could bridge this gap.However, since RL and OPC UA are from different fields, there is a need for researchers to bridge the gap between the two technologies. This work serves to bridge this gap by providing a brief technical overview of both technologies and carrying out a semi-exhaustive literature review to gain insights on how RL and OPC UA are applied in combination.With this survey, three main research topics have been identified, following the intersection of RL with OPC UA. The results of the literature review show that RL is a promising technology for the control and optimization of industrial processes, but does not yet have the necessary standardized interfaces to be deployed in real-world scenarios with reasonably low effort."
Run-time Configuration of the IEC 61499-based PLC-Service Bus via OPC UA,"Modern industrial automation applications require a flexible and modular software architecture that can be easily adapted to meet dynamic market requirements. The IEC 61499-based programming model, due to its distributed and modular nature, could be a potential tool in this regard. In our previous works, we proposed the concept of a PLC-Service bus, a service-oriented architecture-based control application development paradigm for the Programmable Logic Controller (PLC). We have also demonstrated its applicability using the IEC 61499 modelling language. In this paper, we propose an OPC UA-based configuration approach for software components of the PLC-Service bus."
Design and Implementation of Redundant Configuration of Communication Monitoring System Based on OPC UA,"This paper tackles the growing issue of cyber-attacks on control systems, mainly through Advanced Persistent Threats (APTs), which are sophisticated, targeted attacks that can seriously damage systems. With control systems increasingly adopting the OPC UA for secure communication, introduces a new system designed to improve the availability of these control systems without compromising security."
Documenting and Comparing OPC UA Information Models,"Since its release as an IEC standard series, the OPC Unified Architecture (OPC UA) has become a widely adopted platform for both vertical and horizontal communications as well as data exchange in cyber-physical systems (CPS). A key benefit of OPC UA is its extensible object model, which offers the possibility to define custom information models, which may represent a specific production domain. As these generally represent interfaces for other applications, comprehensible documentation is an essential requirement in most cases.In this paper, we describe an approach to document, maintain and compare versions of OPC UA information models generated from existing code artifacts in the domain of serial machinery engineering. Base for the contribution of this work is the prototype of a documentation and model comparison tool (NodeDoc). We will describe its usage context and requirements as well as its main features. In addition, we discuss encountered challenges and provide insights into proposed solutions along with relevant lessons learned during the development of NodeDoc."
Integration of 5G and OPC UA for Smart Manufacturing of the Future,"The Industry 4.0 is aimed at improving production efficiency and flexibility using automation and data exchange technologies, wherein all participants and components must cooperate and communicate seamlessly. To achieve this target, a flexible, interoperable and real-time communication network is required. Considering such an imperative requirement, in this work we aim to integrate the 5G wireless network with Open Platform Communication Unified Architecture (OPC UA), in order to fulfil the stringent communication requirements regarding information model-based data management. Specifically, we first develop a 5G & OPC UA architecture to support the operations of diverse smart manufacturing environments, and then provide specific technical guidelines for implementing the established system. Finally, the feasibility of the proposed 5G & OPC UA architecture is verified using a laboratory-level smart manufacturing testbed."
Exploiting OPC-UA for Model-Based Design in IEC61499 Industrial Controller Development,"Industry 5.0 integrates human-centric principles into manufacturing, emphasizing collaboration between humans and machines. Model-based design (MBD) facilitates efficient product development, enabling rapid prototyping, streamlined iterations, and enhanced communication among multidisciplinary teams, thereby accelerating time-to-market and ensuring product quality. In this context, IEC 61499 standard complements MBD design methodologies by providing a framework for structuring and implementing distributed control systems, facilitating seamless integration of models into industrial automation workflows. This paper explores the integration of Open Platform Communications Unified Architecture (OPC-UA) into the MBD process within the context of IEC 61499 industrial controller development. By leveraging OPC-UA's standardized communication protocol, we demonstrate how it enhances interoperability and facilitates seamless integration of models into the controller development workflow. The usage of the standardized communication protocol provided by OPC-UA improves interoperability and allows for seamless model integration into the controller development workflow. We apply this approach to the design of a real-application and present an experimental result demonstrating the effectiveness and reliability of the proposed approach in practical scenarios. The communication delay introduced between the model of the plant and the IEC 61499 controller is less than 60 ms. This result is fully compatible with non-time sensitive process automation applications, where the control loop time is larger than one second. Our findings underscore the efficacy of this approach, highlighting its potential to advance industrial automation systems' efficiency and flexibility."
Case study on Integrating Legacy Devices in Industry 4.0 framework using OPC UA,"Legacy devices refers to outdated electronic equipment for which the manufacturer has discontinued firmware updates. Many PLC devices have become obsolete and are unsupported by newer software. It is very expensive to fully replace these devices. This is where OPC UA serves as a solution. Open Platform Communication Unified Architecture (OPC UA) is an open source device to device communication protocol used in Factory Automation. This open interface standard is independent of the PLC manufacturer, the software developer, the operating system or the programming language. The existing communication protocols like profinet, Sercos are organization specific. And these protocols cannot communicate with each other. Also it has many feature limitations like the data cannot be pushed to the cloud and remote operation is not possible. We intend to automate the communication between the legacy devices with Siemens S7-1500 PLC using OPCUA. We are using a Raspberry PI, TIA Portal 14 software in windows PC and an Ethernet connection in-order to Push a data from legacy plc to cloud using OPCUA so it can be operated from anywhere in the world."
Reflection-based Prototyping Framework for OPC UA Servers for Companion Specifications,"Domain-specific Companion Specifications (CS) define OPC UA information models for specific use cases, devices, or industries and define how to use OPC UA in specific environments. A sample OPC UA server is required to evaluate an OPC UA CS and develop clients. Such a server needs to be easily changed on updates of the CS and must ensure that all instances comply with the specified OPC UA types. This paper introduces an OPC UA server prototyping framework that maps OPC UA instances to $\mathbf{C++}$ data types using reflection. Using OPC UA types for instantiation, all created instances comply with the CS. The mapping to $\mathbf{C++}$ data structures provides a simplified API for handling sample instances by enabling users with limited knowledge about OPC UA to build CS-conformant servers. Four use cases show the usefulness of the approach: OPC UA Events, OPC UA PubSub and creating CS compliant servers."
Requirements and Challenges in the Configuration of a Real-Time Node for OPC UA Publish-Subscribe Communication,"Factory automation is evolving from a hierarchical structure towards an interconnected architecture in which systems at different levels can communicate seamlessly with each other. This requires an appropriate replacement of proprietary fieldbus systems in the automation sector. A promising solution to implement cross-plane end-to-end real-time capable communication between computing nodes is proposed in literature. The usage of Open Platform Communication Unified Architecture (OPC UA) as the information model with the Publish-Subscribe (PubSub) communication mechanism in combination with Time Sensitive Networking (TSN) is presented to fulfill the requirements for message transmission. In contrast to the state of the art of configuring fieldbus systems, the configuration of such a real-time communication node has to be done manually. This process is complex, as deep knowledge in different domains is required. In this work we elaborate the requirements for such a communication node and present the resulting implementation challenges, which can be used as the basis for a configuration tool."
Towards Extraction of Validation Rules from OPC UA Companion Specifications,"Interoperability is the key to industrial automation. OPC UA aims to provide interoperability between industrial machines at the network, protocol, and semantic layers. In order to achieve it, the implementation of a machine and its nodeset file should comply with the OPC UA standard. However, there are a few areas for improvement in technology to automatically check compliance since the compliance rules/validation rules are expressed in textual format in specification documents. In other words, they are not machine-interpretable. Converting the text-based specification into machine-readable form is a complex problem since each companion specification is domain-specific and written by a set of industry experts from all over the world from diverse language backgrounds. The specifications are majorly unique, with little commonality between them. Because of these reasons, it is challenging to develop a generic information extraction approach to retrieve rules that work for all specifications. In this study, we aim to handle this challenge to extract the textual rules from specifications automatically by applying Natural Language Processing and Machine Learning technologies. We present our methodology based on Named Entity Recognition for OPC UA documents for information extraction and text classification to identify rules. To achieve this goal, we created five named entity data sets from five selected OPC UA companion specifications. The sentences in the data set and the entities in the sentences were annotated by two OPC UA experts. We point out a deeper analysis of the data sets to highlight common and unique entities in them and show their usage in identifying the rules in the specifications."
Assessment of OPC UA PubSub at Scale Using TSN Infrastructure and Network Calculus,"OPC UA PubSub is a recent addition to the OPC UA industry standard used for machine-type communication in the Industrial Internet of Things. It can be combined with Time Sensitive Networking (TSN) to offer deterministic latency and bounded jitter. In this work, we model the network interactions between Credit-Based Shaper (CBS) and PubSub using Network Calculus. We derive worst-case delay bounds for various numbers of hops, payload sizes, and competing flows. The derived bounds are confirmed using deployments on commercial-of-the-shelf hardware and open-source solutions relying on a low-latency Linux kernel. Based on the results, we observe that the derived bounds are satisfied in all scenarios of seven hops with a round-trip-time (RTT) varying between 1 to 2.5 ms for respective payload sizes of 59 to 1481 B. Similarly, for jitter we observe fluctuations of $\pm \mathbf{250}\boldsymbol{\mu} \mathbf{s}$. Complementing the CBS results, we evaluate time-aware shaping, where we observe lower RTTs for average payload sizes of around $800 \mu\mathrm{s}$. Our contributions show that OPC UA PubSub applications can co-exist with TSN."
A Query Language for OPC UA Event Filters,"The OPC UA standard combines industrial communication with information modeling. In order to remove the need for continuous polling, OPC UA clients can create subscriptions to be notified about data changes and events. OPC UA Event Filters provide powerful constructs for the server-side selection of relevant events. This feature is however underused in practice, also because of the complexity of Event Filters. Event Filters are expressed in a “byte-code” encoding. Assembling this encoding by hand is difficult and error-prone. This paper discusses the semantics of OPC UA Event Filters and proposes a query language to facilitate their definition. A formal grammar for the query language is provided in the BNF format. An implementation of a corresponding parser is available as part of the open62541 library."
OPC UA as a Key Technology for Industry 4.0 Electric Drives - A Proof of Concept,"To implement Industry 4.0 functionality, seamless communication across the value chain is vital. This extends to electric drives, one key component in industrial production.Even so, while the current plurality of (vendor-specific) fieldbus protocols enable real-time communication within a domain, general communication methods and protocols are needed. This paper investigates the vendor-independent OPC UA protocol, which is a potential universal solution based on the standardized and omnipresent Ethernet/IP/TCP network protocols.While highlighting challenges and potential solutions, this study presents the practical application of OPC UA on electric drives in a demonstrator environment. The results show that fully manufacturer-independent operations faced challenges due to proprietary systems even though a standard communication protocol is in use. Further, the results emphasize the need for standardized workflows, automated tools, and detailed requirements for scalability."
ECC Implementation and Performance Evaluation for Securing OPC UA Communication,"Protecting critical infrastructures and manufacturing plants in the context of Industry 4.0 against cyber-attacks is a nowadays challenge due to lack or insufficient security mechanisms for the communication protocols. Even though new protocols are considering built-in security (e.g. OPC UA) there is still a struggle for assuring interoperability and interconnectivity in the IoT era while dealing with resource constrained devices. This paper attempts to implement and evaluate a solution for assuring the authenticity and integrity of the data transmitted through OPC UA protocol in a client- server communication based on ECC as an alternative to the existing implemented solution which uses RSA. We choose ECC since it can achieve similar level of security as RSA for smaller key size and in order to respond to the limited memory and resource constrained elements part of an industrial system. Furthermore, we aim to evaluate through measurements the performance of different ECC key sizes in respect to the latency introduced by each cryptographic operation."
A Compliant Robot-Assisted Mold Polishing Application Using the Franka Emika Robot,"Metal mold casting for many application areas remains imperfect since this involves the control of numerous factors that affect workpiece quality. Surface roughness which remains one of the many issues related to metal mold cast is often mitigated by means of grinding and polishing. As many attempts are being made to address this challenge through robot-assisted techniques, we focus on rapid mold polishing using the Franka Emika (FE) robot and its programming resources, including a built-in impedance control architecture. To accomplish the objective, mold surface segmentation is necessary. For each segment, the polishing approach is based on surface normals, relative motion, and torque sensor data. Results were obtained with open platform communication-unified architecture (opc-ua) client and server that record torque and force data. Results show that tuning internal impedance control parameters for polishing tasks is feasible."
An Autonomous Edge Box System Architecture for Industrial IoT Applications,"Digitalization has been developing in manufacturing for decades. Many concepts and technologies related to digitalization have been proposed and have brought significant benefits to enterprises. The Industrial Internet of Things (IIoT) is an important means to realize digital manufacturing. However, there are many barriers when integrating and implementing digitalization for industrial companies, especially for small and medium-sized enterprises (SMEs). These barriers mainly include high cost sensitivity, difficulty in system installation and deployment, lacking of unified methods and platforms, and threats to data and network security. Therefore, a lightweight IIoT architecture is proposed in this paper to support SMEs to overcome the barriers and obtain the practical values brought by IIoT with a lower cost and effort. Finally, a case study has been conducted to validate the proposed approach."
Structured text programming to visualize the distribution of packages on a conveyor,"Automation is a process of increasing production and reducing the downtime of any industry. With the integration of sensor data to the cloud using an OPC-VA communication protocol, the automation becomes more prominent and interesting. However, many existing industrial controllers do not support open platform communication unified architecture (OPC-VA) and it needs an IIoT device to connect the cloud. The existing programmable logic controller in any industry have to be connected to an IIoT device through Ethernet. Sensors connected to the controller will transmit the data to the IIoT device. The transmission can also be bidirectional. In this paper, a conveyor which distributes packages is simulated in Codesys and it is visualized in a human-machine interface (HMI) screen which is in-built in the software. The hardware set-up is made with the industrial controller to execute the same. A methodology to send the data from the controller to the cloud using open platform communication unified architecture (OPC-UA) is proposed"
Overcoming Challenges in Integrating Legacy Devices with Asset Administration Shells - An OPC UA Case Study,"The transition towards Industry 4.0 requires the modernisation of legacy systems. However, this transformation introduces complexity, mainly due to the variety of data formats and interfaces resulting from the heterogeneity of the used components. For seamless interoperability in Industry 4.0 applications, a harmonised data base is of vital importance. The Asset Administration Shell (AAS), as a standardised digital twin of assets, plays a key role in facilitating interoperable, data-centric solutions in the Industry 4.0 landscape. The prospect of automated data integration offers the potential to reduce errors and optimise the process of digitising legacy systems. This raises the question of what extensions and components within the AAS infrastructure are necessary to realise such automation. In response, this paper presents an architectural concept for integrating legacy systems into the AAS framework. Using an articulated robot as a tangible example, the process of interconnecting data points via the OPC UA protocol is illustrated. Additionally, a prototype is presented, capable of enabling vertical data integration via the BaSyx DataBridge, thus showcasing the notable advantages of automating the incorporation of legacy devices into the AAS. The shown solution retains flexibility and is readily applicable to a variety of systems and scenarios as required."
A Cloud-Native Software Architecture of NAMUR Open Architecture Verification of Request using OPC UA PubSub Actions over MQTT,"Long life cycles of OT equipment used in process industry pose a burden to the adoption of high-paced Industry 4.0 IT applications. NAMUR Open Architecture (NOA) specifies a reference architecture to securely decouple the life cycle of IT and OT components, allowing both to evolve on the required pace. Verification of Request (VoR) and Security Gateway are two key concepts of NOA to allow controlled information traversal both ways between IT and OT domains. In this work we present a cloud-native software architecture of VoR by using a standardized OPC UA PubSub communication over MQTT. The architecture has been successfully validated on a simulated system using Kubernetes clusters and Virtual Machines hosting product-grade DCS and edge components."
An OPC UA-based industrial Big Data architecture,"Industry 4.0 factories are complex and data-driven. Data is yielded from many sources, including sensors, PLCs, and other devices, but also from IT, like ERP or CRM systems. We ask how to collect and process this data in a way, such that it includes metadata and can be used for industrial analytics or to derive intelligent support systems. This paper describes a new, query model based approach, which uses a big data architecture to capture data from various sources using OPC UA as a foundation. It buffers and preprocesses the information for the purpose of harmonizing and providing a holistic state space of a factory, as well as mappings to the current state of a production site. That information can be made available to multiple processing sinks, decoupled from the data sources, which enables them to work with the information without interfering with devices of the production, disturbing the network devices they are working in, or influencing the production process negatively. Metadata and connected semantic information is kept throughout the process, allowing to feed algorithms with meaningful data, so that it can be accessed in its entirety to perform time series analysis, machine learning or similar evaluations as well as replaying the data from the buffer for repeatable simulations."
"Digital Twin Frameworks: A Comparative Study of AAS, OPC UA, and AML","This paper conducts a comparison of three leading digital twin frameworks: Asset Administration Shell, OPC UA, and AutomationML, aiming to clarify their features, capabilities, and industry applicability. By analyzing architecture, data modelling, interoperability, scalability, and security aspects, this study highlights each framework's unique strengths and limitations. Additionally, it examines their real-world applications through industry-specific case studies, offering insights into practical implementation benefits. The findings assist stakeholders in selecting the most suitable framework for their digital transformation initiatives, contributing to the broader understanding of digital twin technologies in advancing Industry 4.0."
Convergent wireless real-time communicaiton using EtherCAT and OPC UA for AGV application with big data sets acquisition,"ptimization of delivery of goods to production stations spread on factory floors has led to creation of Automated Guided Vehicles AGV. Latter it evolved to AGVs equipped with collaborative robots implemented to automate the process of loading and unloading of the transported goods. To make the operation of AGVs efficient it is needed to exchange data with higher level system like Manufacturing Execution Systems MES and Transport Management Systems TMS. The data is needed also to increase the energy efficiency of AGVs and their availability by implementation of predictive maintenance procedures. To make it possible processing of big data sets describing the change of the state of AGV’s in time is necessary. But first, the data has to be gathered using reliable wireless communication link that are shared with real-time protocols used for integration with production stations and collaboration with them. The paper considers a solution based on EtherCAT network with application of Ethernet over EtherCAT EoE communication profile for tunneling of OPC UA traffic."
Knowledge-Driven Analysis Framework of Anomaly Propagation in Manufacturing Workshop,"With the improvement of customization demand and the increase of market fluctuation, manufacturing enterprises gradually turn to intelligent manufacturing mode. However, there are various abnormal events in the manufacturing process, which hinder the normal production of the workshop. The analysis of anomaly propagation is considered to be an effective technique to solve this problem. In this paper, we propose a knowledge driven analysis framework of anomaly propagation in workshop. Firstly, a temporal knowledge graph(TKG) is built for anomaly propagation analysis based on the open platform communications unified architecture (OPC UA) information model and the ontology web language (OWL) mapping model. The time-series data in the manufacturing process is contained in the TKG, such as workpiece process data, machine maintenance data, etc. These data are the basis for the analysis of anomaly propagation. Then, a time-series analysis method for anomaly is proposed. This method gives the breadth and depth of abnormal events propagation in a period of time, so that decision makers can make decisions in advance to precisely control the production process. The analysis framework provides a route for manufacturing workshop to resolve abnormal events."
IIOT based Remote Monitoring and Control of Bottle Filling Process Using PLC and Node-Red,"In the industrial bottle-filling process, multiple variables such as temperature, speed, flow, level, and quality must be accurately and consistently regulated. The Industrial Internet of Things (IIoT) is changing the environment in industries such as chemical processing, agriculture, textiles, and food manufacturing. Since the implementation of Industry 4.0, IIOT has become a viable option. By introducing intelligent systems into the industrial sector, this technology alters the relationship between various controllers, Instruments, machinery, and production equipment. It makes use of a Profinet communication network to transfer and manipulate Input and output data from field devices and the PLC S7-1200. This paper aims to develop a remote monitoring and control system for the bottle-filling process using a programmable logic controller (PLC), human-machine interface (HMI), photoelectric sensors, DC motor, solenoid valve, and computers so that its parameters can be monitored and controlled from a central or remote location. This project describes the PLC and Node-Red configuration, as well as the numerous scenarios and use cases created with OPC Unified Architecture (OPC UA). Common protocols used for PLC and HMI connection include Ethernet, Internet Protocol, Modbus, and RS 485. The IIoT system's data will be uploaded to the cloud through OPC UA and Node-Red."
Design of an Educational-development Platform for Digital Twins using the Interoperability of the OPC UA Standard and Industry 4.0 Components,"The development of Industry 4.0, especially in the areas of interoperability and the design, implementation and use of digital twins, has been enormous in recent years. This article discusses three key aspects that Industry 4.0 brings with it - virtualization through digital twins (DTs), interoperability based on the OPC UA standard, and the use of Industry 4.0's Administration Asset Shell (AAS) components. For the purpose of development and education, a design of an education and development platform has been developed, in which these key attributes of Industry 4.0 are conveniently combined into a single entity."
On the Performance of OPC-UA over 5G NPN with Layer 2 Communication,"The integration of private fifth-generation (5G) networks with standardized publish-subscribe (PubSub) communication models offers clear benefits for Industry 4.0 applications. While PubSub models ensure vendor-neutral interoperability, backward compatibility, and mature information modeling, the use of 5G non-public networks (NPN) provides dedicated coverage, exclusive capacity, intrinsic controllability, and customized service and operation. In addition, the combination of PubSub protocols and 5G provides a complete communication stack for industrial automation, where PubSub protocols operate on higher OSI layers, and 5G operates on lower layers. However, the practical implications of the integration of PubSub models with 5G systems remain largely unaddressed in the existing literature. To the best of the authors' knowledge, this paper presents the first empirical evaluation of the integration of private 5G with a PubSub protocol, namely open platform communication unified architecture (OPC-UA), in a real production environment. The proposed solution for 5G and OPC-UA integration relies on layer 2 (L2) connectivity over a virtual extensible local area network (VXLAN) tunnel. Evaluation results demonstrate the feasibility of such integration in the context of a soft real-time additive manufacturing (AM) use case for laser metal deposition (LMD)-based manufacturing."
Digital Twins of Business Processes as Enablers for IT / OT Integration,"The vision of Industry 4.0 introduces new requirements to Operational Technology (OT) systems. Solutions for these requirements already exist in the realm of Information Technology (IT), however, due to the different characteristics of IT and OT, these solutions often cannot be directly used in the realm of OT. We therefore propose an Industrial Business Process Twin (IBPT), allowing to apply methods of one world to another not directly but, instead, to a representation, that is in bidirectional exchange with the other world. The proposed IBPT entity acts as an intermediary, decoupling the realms of IT and OT, thus allowing for an integration of IT and OT components of different manufacturers and platforms. Using this approach, we demonstrate the four essential Industry 4.0 design principles information transparency, technical assistance, interconnection and decentralized decisions based on the gamified Industry 4.0 scenario of playing the game of Nine Men’s Morris. This scenario serves well for agent based Artificial Intelligence (AI)-research and education. We develop an Open Platform Communications Unified Architecture (OPC UA) information and communication model and then evaluate the IBPT component with respect to the different views of the Reference Architecture Model Industry 4.0 (RAMI4.0)."
"A New ICT Architecture of Smart Water Network Platform for Improving Management Performance: Maintenance, Security, and Deployment Cost","This paper introduces the application layer's solutions to the distributed servers, establishes improvement policy processes, and uses advanced technologies, such as Open Platform Communications Unified Architecture (OPC UA), Industrial Gateway Server (IGS), Application Programming Interface (API), etc., to integrate the original distributed hosts into a single new version monitoring platform with centralized architecture that is easy to achieve the goals of easy maintenance, low update cost and enhanced information security deployment. The carbon footprint and information deployment cost are only 35.47% and 9.86% of those before improvement respectively, making an important contribution to improving information efficiency."
Semantic Information Modeling and Implementation Method for Water Conservancy Equipment,"Water conservancy equipment (WCE) has a large amount of information, structural heterogeneity and complex relationship leads to the difficulty of semantic interoperability in smart water conservancy. To overcome this issue, we propose the WCE information interaction dimension theory, modeling process and instancing method. First, we analyze the smart water conservancy ontology and information factor, and propose semantic information interaction dimension structure of water conservancy Ontology. Second, we construct the network information model structure of water conservancy, through the relationship degree, a tree model which can realize semantic expression and interoperability is formed through the dimensionality reduction of the model. Third, the component attribute set hierarchical relationship architecture water conservancy information model is established, which use XML language to describe this model. Moreover, the three types of instancing methods are proposed. Through OPC unified architecture (OPC UA) technology, water conservancy information model can implement semantic interoperability. The experimental show that the proposed method of semantic information modeling and semantic interoperability of WCE is feasible, and obvious advantages of complete semantic interoperability than in the model architecture, semantic structure and technical implementation."
Reusing OPC UA information models in the Asset Administration Shell,"OPC UA and the Asset Administration Shell cover neighboring domains in modern industrial information architectures. Since their meta-models differ fundamentally, correct integration is vital for sustained interoperability. This paper shows how enterprise information systems benefit from using transformed OPC UA information models as a proxy for shopfloor transparency. All transformation rules facilitating this meta-model mapping are motivated and specified. When implemented, a new Submodel mirroring an OPC UA Nodeset can be built up automatically carrying all necessary context from its origins into the realm of cross-company data exchange."
OPC UA PubSub and Industrial Controller Redundancy,"Industrial controllers constitute the core of numerous automation solutions. Continuous control system operation is crucial in certain sectors, where hardware duplication serves as a strategy to mitigate the risk of unexpected operational halts due to hardware failures. Standby controller redundancy is a commonly adopted strategy for process automation. This approach involves an active primary controller managing the process while a passive backup is on standby, ready to resume control should the primary fail. Typically, redundant controllers are paired with redundant networks and devices to eliminate any single points of failure. The process automation domain is on the brink of a paradigm shift towards greater interconnectivity and interoperability. OPC UA is emerging as the standard that will facilitate this shift, with OPC UA PubSub as the communication standard for cyclic real-time data exchange. Our work investigates standby redundancy using OPC UA PubSub, analyzing a system with redundant controllers and devices in publisher-subscriber roles. The analysis reveals that failovers are not subscriber-transparent without synchronized publisher states. We discuss solutions and experimentally validate an internal stack state synchronization alternative."
Using Solana Blockchain and OPC UA for Trusted Third Party Industrial Robot Control Services,
A OPC UA Based Execution Engine for Production Control in Decentral Organized Manufacturing,"In cyber-physical production systems, the capabilities and states of field resources are continuously available. For adaptive and flexible production control, this information must be evaluated during process execution, which is often not done due to a static job shop schedule. With the presented Execution Engine, we demonstrate a system architecture for order-oriented, fully automated execution of production orders. For the representation of field resources and the interface to the production process control, the OPC UA standard is utilized. Based on an enriched description of the order production steps, an execution considering the states of individual field components is realized. The increased communication overhead is addressed by an OPC UA Aggregation Device Registry, which enables efficient pre-selection of field resources during runtime allocation."
An Operational 5G Edge Cloud-Controlled Robotic Cell Environment Based on MQTT and OPC UA,"This paper presents the design and implementation of a wireless robotic cell environment based on 5G and edge-cloud technologies. In the process, different control communication protocols and architectures concerning the MQTT and OPC UA IIoT standards are considered based on available reference implementations. The industrial-grade robotic cell is evaluated in operational conditions with a focus on the specifics of the underlying control communication effects, as well as on the impact on the industrial manufacturing use case. The experimental results demonstrated the effectiveness of the wireless 5G edge-cloud operation using both MQTT and OPC UA protocols, providing the required flexibility and reconfigurability, at expenses of an 8-9% increased production cycle time, as compared to the wired Ethernet reference."
Integrated Machine Vision and PLC Commanding for Efficient Bottle Label Detection in Industrial Processes: A Unified Approach for Quality Control,"This paper presents an integrated approach to bottle label detection in industrial processes, combining machine vision techniques with Programmable Logic Controller (PLC) commanding for an efficient and reliable quality control system. The logic of the label detection station was developed using ladder diagrams to simulate the process and determine whether to retain or remove a bottle on the conveyor based on label presence. The image processing component, executed in Python, manipulated the main variable indicating the label's presence on the bottle. CODESYS was employed to visually represent the process, and in the simulation phase, the bottle traversed the conveyor, halting when the proximity sensor activated. Python code provided the labeling status, and the corresponding image was displayed on a simulation screen. To bridge the gap between image processing and logic control, the functionality of image processing in Python was linked with the CODESYS logic. An OPC UA server in CODESYS facilitated external connections, enabling Python to access and configure CODESYS variables. Challenges, such as scanning rate disparities between Python and CODESYS, were addressed through the introduction of sessions synchronized by a counter. Technical steps involved using an OPC UA client program to monitor server availability and access CODESYS program variables. The installation of the Security plugin in CODESYS ensured secure external connections. The project's key realization was the seamless linkage between image processing and PLC logic, demonstrating an effective integration of machine vision into industrial processes. For bottle label detection, the paper employed OpenCV for object recognition. The image segmentation method, utilizing adaptive thresholding, distinguished the bottle from its background, optimizing the separation process. Contours were identified using findContours(), and a thorough cleanup using arcLength() and approxPolyDP() functions ensured only relevant labels remained. The combination of geometric analysis and parameter optimization resulted in precise and effective label detection. In conclusion, the proposed approach showcases the successful integration of machine vision and PLC commanding for bottle label detection in industrial settings. The synergy between image processing and logic control offers a fast and error-free solution for quality control inspections, laying the groundwork for future advancements in industrial automation."
Semantic Information Extraction from Multi-modal Technical Document,"Industrial Standards such as OPC UA, IEC, IEEE standards etc., are the core of industrial automation as they enable an interoperable industrial ecosystem. These standards describe semantics that should be implemented by the machines that claim to follow them. However, these semantics are defined in textual format in the standard, which makes it challenging to verify the compliance of a standard-compliant machine description against the semantics defined in the standard. This hinders the interoperability between machines from different vendors. However, in the context of Industry 4.0, it is crucial to enable interoperability between machines and, thus, an open ecosystem to ensure industrial automation. Therefore, there is an urgent need to extract and formalize the semantics from the industry standards to facilitate the compliance verification of machine descriptions against industry standards. Currently, no comprehensive method is described in the state-of-the-art to address this issue. In this thesis, we investigate how to solve the problem of (semi-)automatically extracting and formalizing semantics from the industrial standard technical specifications using Semantic Web Technologies (SWT), Natural Language Processing (NLP), Machine Learning (ML) and knowledge-based information extraction methods. Mainly we focus on (i) Named Entity Recognition on the text of the technical documents; (ii) binary and multi-class rule (constraint) classification on limited annotated specific textual data; (iii) information extraction from tables, and (iv) finding the contextual similarity between the information from the text and the tables of the same document. We use OPC UA Companion Specifications as the first use case."
Collection and Storage of Technological Data in Multi-Channel CNC Processing Using a Non-Relational Database and Node-RED,"This article contemplates the problem of collecting and storing technological data during multichannel and multi - coordinate machining on CNC machines obtained using the OPC UA protocol and applying Node-RED open-source instrumentation. A structural model of obtaining, visualizing and storing technological data in multichannel and multi - coordinate machining is proposed in this research. The necessary nodes for Collection and storage of technological data in multi-channel CNC processing are implemented and configured. The researchers illustrated practical aspects of building a system for collecting and storing technological data in multichannel machining using the OPC UA protocol and applying Node-RED open-source tools and a non-relational MongoDB database."
Research on the Application of Digital Twin in Bridge Rotation Construction,"With the continuous expansion of China's high-speed railway network, the construction of bridges spanning existing railway lines has become increasingly common. Bridge transition, as a solution for constructing bridges on existing tracks, is crucial for ensuring safety during the construction phase. This research aims to utilize digital twin technology to monitor the construction of bridge transitions and address the limitations of traditional bridge monitoring methods. We employed the Unity3D game engine to create a digital twin virtual scene and facilitated seamless data exchange between the physical and virtual domains using the OPC UA data exchange mechanism. Ultimately, we developed a prototype system for monitoring bridge transition construction. This system effectively monitors critical information and activities during bridge construction, providing early warning capabilities and decision support throughout the construction process. Through the design and implementation of the system prototype, we have confirmed the feasibility of applying digital twin technology in bridge transition construction."
Study and Development of Intelligent KPI Management System for Discrete Manufacturing Enterprises in Industry 4.0,"Key performance indicators (KPIs) are essential for manufacturing management and production optimization in discrete manufacturing enterprises. In the context of Industry 4.0, KPI management in discrete manufacturing enterprises struggles in obtaining large amounts of heterogeneous data, low transmission efficiency and poor real-time KPI evaluation. Towards the above-mentioned problems, this paper investigates the definition and characteristics of intelligent KPI management system in discrete manufacturing enterprises and designs a distributed application architecture of the system based on OPC UA protocol. On this basis, the system node functions and the production site deployment of the nodes are designed according to the production organization structure of the enterprises, to achieve accurate KPI real-time evaluation. Moreover, intelligent KPI optimization support is designed, which provides intelligent KPI optimization recommendation based on KPI optimization experience and optimization knowledge, as well as optimization task management for real-time tracking of optimization tasks. Finally, we adopt the Spring Boot framework to develop the cloud-intelligent KPI management system, which provides enterprise managers with a visual approach to digitally and intelligently manage KPIs."
Open Reference Architecture for Sustainable Papermaking based on Industrial Interoperability Standards and Cloud-Native Technologies,"An open reference architecture is presented for sustainable papermaking based on a combined usage of open industrial interoperability standards such as the Asset Administration Shell, Functional Mockup Interface, AutomationML and OPC UA for modeling and exchanging information towards decarbonization of paper production. The models combine with containerized calculation modules and end-user services, extending the capabilities of existing production systems to support development of a scalable, modular, flexible, and interoperable framework for usage by various manufacturers. The vendor-neutral, domain-agnostic architecture can also be viewed as a blueprint for sustainable manufacturing in other industrial contexts."
StateFlow as a Tool of the Hybrid X-in-the-Loop Technique in the Model-Based Design Approach to the Control Systems Design in Industrial Automation,"The rapid dynamics of changes in the definition of requirements when deploying new technologies means an increase in demands on the volume and scope of skills and knowledge of experts in the design of solutions and their implementation. PLC-based control systems designed for industrial automation can also be included in this problem area. The article deals with the possibility of rapid design and testing of PLC control algorithms using X-in-the-Loop techniques of Model-based Design approach. The control algorithm is implemented using visual programming techniques in the form of state diagrams utilizing the Matlab StateFlow tool. The given proposal is analyzed from the point of view of different approaches to the implementation of communication between the development PC and the real control PLC SIMATIC S7-300 connected to the real part of the model production line. Data exchange is carried out in two ways. The first way of communication is the exchange of uncompressed and compressed images of inputs and outputs via IP communication. The second way is to use the OPC UA architecture. The result of the article is a case study of the use of the XiL approach in the design phase of the control of the AFB Factory production line module with a summary of the possibilities, advantages and disadvantages of alternative partial solutions."
"The Role of Artificial Intelligence in Advancing Fracture Mechanics: Modeling, Prediction, and Data Analysis","With the Internet of Things (loT) and the Industrial Internet of Things (1IoT) as key paradigms, industries and societies have been advanced by allowing systems to interconnect and making intelligent decisions. This paper examines the progress of the loT and IloT by specifically define the taxonomy, communication protocols and system integration for the two technologies. Whenever loT solutions are deployed, taxonomies provide the categorization of diverse constituents, functional relationships, and compositional hierarchies within these arrangements. MQTT, DDS, and OPC UA are discussed as important protocols and their functions, differences, and performance characteristics are compared and analyzed. The paper also aims to look at the integration framework of the IloT as this has the key function of ensure the compatibility between industrial operations and smart technologies. The concepts garnered through loT and IloT are explained by applying them in fields such as Smart Cities, Healthcare, Manufacturing and logistics etc. Nevertheless, some issues still present major questions such as scalability, interoperability and security. That is why this work underscores that there is a need to develop and improve protocols, which are necessary to overcome these challenges. As a synthesis of the current knowledge regarding loT and IloT, this work offers a valuable guide to researchers and practitioners trying to meet the great challenges of building reliable and efficient solutions to next generation interconnected systems."
Model-Driven Integration of Analysis Components for Cyber-Physical Production Systems,"In the course of the rapid development of Industry 4.0, manufacturing machinery is becoming ever more connected. Such Cyber-Physical Production Systems (CPPSs) produce large amounts of data, which can be used to analyze the system’s state and optimize its operation. To enable this analysis, the respective software components need to be interoperable with the CPPSs. While standards, such as OPC UA, provide interoperability on a technical protocol level, we see a vastly heterogeneous landscape of data models. Therefore, the integration of analysis components with their underlying CPPS is usually a laborious, manual process, also discouraging reuse. To facilitate the reuse of analysis software in this setting, we propose a model-driven method for integration with the underlying CPPS and the consumers of analysis results. Our contribution consists of (i) domain-specific languages for semantically enriched interface descriptions and simple mappings, (ii) a code generator toolchain to realize the specified mappings, and (iii) a simple, loosely coupled architecture for the resulting system."
Development of Robot Applications Utilizing Asset Administration Shell for Integrated Robotics Processes,"As the digital transformation of the manufacturing industry accelerates, the importance of data integration in manufacturing processes is increasingly emphasized. However, the use of heterogeneous equipment and diverse solutions in building processes hinders smooth data exchange, resulting in compatibility issues among equipment, systems, and data. To address these challenges, the Reference Architecture Model Industry 4.0 (RAMI 4.0) has been proposed as a reference model for Industry 4.0, utilizing the Asset Administration Shell (AAS) to ensure both vertical and horizontal interoperability. In this study, a robot manipulator was modeled using AAS, and the OPC UA protocol was applied to the modeled process elements. Additionally, a digital twin of the robot manipulator was built using MoveIt2 from higher-level systems, allowing for parameter-based control. This facilitates scenario-based integration with heterogeneous equipment such as PLCs, enabling the design of a flexible robot production system that can adapt to the tasks of heterogeneous equipment without human intervention."
Denormalized Database of HUST-PTF Beamline Control System,"Huazhong University of Science and Technology is developing a proton therapy facility (HUST-PTF) based on a superconducting cyclotron. To achieve the scheduling and control of various underlying devices in the beamline during beam transport, we designed a beamline control system (BCS) with distributed architecture based on OPC UA. Initially, we developed the Beam Control System (BCS) and built the control parts for underlying hardware, such as magnet power supply, degrader and beam diagnostics. However, due to the lack of beam database, we are unable to read and store data from the underlying hardware during beam commissioning, making it impossible to achieve subsequent automatic configuration for beam therapy. Therefore, we further design and develop a denormalized beam database based on the actual architecture, beam commissioning, and therapy requirements of HUST-PTF. By demoralizer, we store data in as few tables as possible, reducing join operations between tables, minimizing disk I/O operations, to accelerate data query speed. We also test the performance of beam database, verifying that the denormalized beam database could meet the actual beam commissioning and therapy requirements of HUST-PTF."
Practical IEEE 802.1AS-Based TSN Time Synchronization over Wi-Fi for Bare-Metal Devices,"Recent advances in wireless technologies providing flexibility, mobility, low wiring costs and high reliability have generated significant interest in extending Time-Sensitive Networking (TSN) capabilities over wireless networks. As an example, the integration of OPC Unified Architecture (OPC UA) - a successor of Open Platform Communication (OPC) over Wi-Fi TSN networks has gained significant importance in industrial automation and the Internet of Things (IoT) since it enables reliable and deterministic communication in wireless networks. This is essential in high-interference and low-latency environments. However, given the stochastic nature of wireless communication channels, enabling TSN capabilities — originally designed for Ethernet networks —comes with certain challenges, with time synchronization being one of them. This is especially true for low-cost embedded commercial off-the-shelf (COTS) devices that often lack dedicated hardware support. We present a prototype implementation that is mostly compliant to standard time synchronization over Wi-Fi, on a low-cost embedded platform and without additional components. We use a bare-metal generalized Precision Time Protocol (gPTP) implementation that we adopted to support Wi-Fi links in addition to traditional Ethernet networks to enable heterogeneity. We highlight the challenges, especially with respect to the HW / SW requirements and show the current status and performance of our developments which show that we can achieve a synchronization accuracy in the range of below $10, \mu \mathrm{~s}$, with low power consumption and using standard devices."
Free Software and Open-Source Hardware for Industrial Automation,"Emerging technologies are aiming to fully automate the manufacturing process on the factory shop floor. However, industrial automation is often hampered by interoperability and vendor lock-in challenges due to heterogeneous components and environments. Replacement of these components is costly and even lower price devices will pose new technology gaps and shortcomings in interoperability capabilities thus slowing down manufacturing processes and causing additional costs. True industrial automation and integration requires interoperability and free software as well as open source hardware are two means to eliminate interoperability blockers and also benefit from reduced costs. As part of the Open Source Industrial Edge (OSIE) project, we are working with open source and open hardware devices using Open Platform Communication Unified Architecture (OPC UA) for vendor-independent unified communication. In this paper we develop an end-to-end open source industrial use case to control input/output pins using a Virtual Programmable Logic Controller (vPLC). We validated our deterministic communication with a test-bed made up from an edge server and a field level device. The test results present a detailed overview of the latency and jitter observed during communication."
Augmented Reality and Digital Twin for Mineral Industry,"Nowadays, industrial companies are constantly looking to increase production, reduce downtime and detect anomalies in manufacturing processes. Considering these challenges, a solution is proposed that uses the concept of a Digital Twin (DT) for machine monitoring and Augmented Reality (AR). The aim is to provide mineral factories with improved insight into the performance of their production line machines. This solution can help detect anomalies in manufacturing processes, resulting in reduced material costs with the support of an Open Platform Communications Unified Architecture (OPC UA). The solution developed enables real-time monitoring of sensor data from each machine using AR smart glasses that provide hands-free visualization, eliminating the need for additional equipment. It also allows the management of educational content to be shown to Factory Floor Workers (FFW), which can potentially reduce training time and human resource costs. The positive response from users during the tests demonstrated the potential for the solution to be used in the industry."
RealCaPP: Real-Time Capable Plug & Produce Service Architecture for Distributed Robot Control,"The industry is transforming from mass production to individual production in which each product can be unique. This change requires the ability to easily add, replace, or remove plant components at runtime to make plants flexible and adaptable. Another important point for flexible production is that not only hardware components can be added, changed, or removed, but also software components can be distributed to different system components at runtime. All of this can be summarized under the term Plug & Produce. Therefore, we propose a service architecture that can distribute modular software components across multiple control devices at runtime."
Design and Implementation of Multi-Source Heterogeneous Integrated Equipment for Environmental Monitoring of Cultural Relics,"In view of the numerous heterogeneous devices and protocols in the environmental monitoring system for the preservation of cultural relics, the overall architecture and scheme of multi-source heterogeneous network integration were proposed. Based on the analysis of the overall framework of the environmental monitoring system, the overall scheme of heterogeneous network integration equipment is proposed and the implementation scheme is introduced by modules based on modularization thinking. Through software design and transplantation, the feasibility of the scheme is proved. The heterogeneous network fusion equipment can realize the collection and integration of heterogeneous data from multiple sources, and can promote the integrated development of environmental monitoring system for cultural relics and other museum holdings."
Intelligent Safety Life Jacket Using Wsn Technology,"The body loses heat in hypothermia because it cannot maintain its internal temperature owing to a freezing environment. As a result, the body temperature will decrease rapidly. The person will lose consciousness or faint when the body temperature falls below 35°C. This study targets detecting climbers’ hypothermia and transmitting their health status to the climber’s group. It is difficult for mountain climbers to check their health and hypothermia symptoms for themselves and their climbing companions. To address this issue, we created a life jacket with an integrated hardware kit with a Peltier, temperature, and pulse sensor. LoRa Network is used to communicate with the climber’s group. Alert messages are delivered to mountaineers via the Android app and suitable protocols, which helps save the climbers if any discrepancies occur."
Digital Shadow Enabled Integrated Multi-platform Automation System for Industrial Assembly,"This paper presents a fully autonomous assembly line for custom cubes with two sub-block options (plastic and aluminium). Users can design their cubes through an Android app or website interface. The system retrieves orders, processes them based on deadlines, and dispenses the required sub-blocks. A quality inspection station with computer vision and machine learning ensures that defect-free parts are used. Cobots handle sub-block transportation and manipulation throughout the assembly process, with a dedicated station for inserting pins when necessary. A digital Shadow model facilitates performance analysis and optimization. Cloud-based platforms manage data, order processing, and remote access. Finally, an Automated Storage and Retrieval System (ASRS) manages cube storage and delivery. This research demonstrates the potential of combining automation, machine learning, and real-time monitoring for efficient custom product assembly. The approach offers applications in various industries and lays the groundwork for future research on expanding customization options and production flow optimization."
Application of Voice Navigation System in Assembly Line Workshop Production Work,"The current silk-making workshop equipment in cigarette factories is relatively large and covers a wide area, and most of them adopt the form of centralized control. It is difficult for operators to pay attention to real-time production conditions and detect production abnormalities in a timely manner. It can easily lead to problems such as safety accidents, process quality accidents, and material loss caused by untimely handling of abnormal shutdowns. To solve these problems, it is necessary to develop a production voice navigation system. By collecting equipment PLC signals and production management system work order information, voice navigation information is formulated, including production rhythm, material logistics, alarm information, etc It can effectively improve operating efficiency and detect production abnormalities early."
Methods of data streaming from IEC 61499 applications to Cloud storages,"This paper presents and discusses two methods for collecting data from decentralised control applications designed in IEC 61499 architecture. The topic is justified by the growing use of Cloud-based storage and presentation services in the Internet-of-Things systems. Enabling IEC 61499 devices with the capabilities of storing data in the Cloud and using web-based data presentation and data analytics is of great practical importance. Moreover, what is the most elegant way to configure such data streaming in IEC 61499 is an open question, to solving which this paper aims to provide state-of-the-art information."
Optimizing Renewable Energy Using Scalable Solutions: IoT Integration in Renewable Energy Laboratories,"This article presents one of the work results from the Cloud Energy Lab (CBEN) research project. The study explores how integrating Internet of Things (IoT) technology into laboratory devices enhances research efficiency, reduces equipment costs, and accelerates experimental processes without additional expenses. The project supports the development of scalable energy systems like electrical grids by enabling cloud-based data exchange between electrical resources, such as fuel cells and E-Drive test benches. It describes the project's IoT structure, showcasing test benches in different labs: a high-voltage battery simulator, an E-Drive test bench in the Electric Drives Lab, and a fuel cell test bench in the Vehicle Drives Lab. Data exchange between these test benches is facilitated by IoT technology, specifically OPC UA and MQTT, for cloud and inter-bench communication. Each test bench has defined interfaces, with equipment modeled as distinct components in MATLAB/Simulink software. This setup connects OPC UA server hardware via test benches or HTTP interfaces to the cloud for parameter setting and data capture, integrating models to form an automotive system for investigating electric and fuel-cell vehicles. Finally, the efficiency of various power scales between E-Drive and fuel cell test benches is evaluated. Key results show improved fuel cell design area, optimized energy flow, and significant cost savings through reduced equipment needs enabled by IoT and cloud technologies. These advancements contribute to the scalability of microgrids and simplify renewable energy integration without requiring co-located labs or large-scale power devices."
Enhancing Factory Automation Through Facial Recognition Using Phoenix PLC and Factory I/O,"This research study explores the integration of facial recognition technology to enhance factory automation, utilizing Phoenix PLC and Factory I/O in a secure and efficient manner. The system employs a face terminal to capture and authenticate facial data, which is transmitted to a web server via Ngrok for secure communication. A Python script processes the facial data and, upon successful authentication, sends an access-granted message through MQTT to initiate automated actions. Node-RED facilitates the communication flow, with MQTT nodes receiving messages and OPC UA nodes delivering control commands to the Phoenix PLC. The PLC interfaces with Factory I/O, a simulation software, to trigger specific operations based on personnel authentication. This approach combines security and automation, ensuring only authorized personnel can initiate factory processes while optimizing operational efficiency. By leveraging MQTT for low-latency communication and OPC UA for reliable control, this methodology offers a seamless and secure solution for intelligent factory automation, highlighting the potential of interconnected systems in Industry 4.0."
Implementing a Flexible IIoT Service Framework with Microservices: A Case Study of Machine Tools,"With the continuous attention given to “smart manufacturing” and “smart factories,” the importance of equipment networking and data collection has been increasing. One key issue is the standardization of equipment networking. Currently, Modbus and OPC/UA are important communication protocols in machine networking. However, software engineers who mainly focus on developing user interfaces and business logic are not proficient in dealing with communication protocols. Therefore, it becomes crucial to enable IT application software engineers to easily interface with various OPC/UA and Modbus machines. Due to the requirements of integration and application of various PLC devices in the machine tool industry, we designed an efficient and flexible IIoT Gateway framework. With the assistance of the IIoT Gateway, IT application engineers developing the ERP/MES systems can easily exchange data (with read and write operations) with various PLC machines. Additionally, to meet the requirements of high performance, the system's functional modules have been designed using multi-threading, asynchronous, and non-blocking techniques. To achieve flexibility in functionality expansion, deployment, high reusing, and low coupling of modules, the Spring Cloud framework has been used to implement microservices and API design for the functional modules. In the future, various system data exchanging and visualization can be facilitated through technologies such as Micrometer/Prometheus, MQTT/Node-RED, and others for convenient logging and tracking."
Integration of ABB Robot Manipulators and Robot Operating System for Industrial Automation,"The integration of advanced robotic technologies with modern software platforms has enabled significant advancements in industrial automation. This paper aims to introduce a novel workflow to integrate ABB industrial robot manipulators and the Robot Operating System (ROS), where communication is built through OPC Unified Architecture or a virtual controller with EGM+RWS. Moreover, we also provide a method to deploy the ROS environment using container technology in our workflow. The developed workflow was tested and evaluated in a real-world welding application, demonstrating its capability to automate the welding process of steel looped hooks for supermarket shelves with high accuracy and efficiency, in which the path planner for the robot is obtained from MoveIt by ROS. The introduced workflow can also be integrated with the MLPro framework, which enriches the workflow with machine learning-related algorithms, e.g. for path planning. The results of this study demonstrate the potential of integrating ABB industrial robot manipulators with ROS for industrial process automation and highlight the benefits of using ROS as a software platform for industrial robotics applications."
Overview and Comparison of Asset Information Model Standards,"Different organizations are currently working on concepts and standards pertaining to the integration of industrial automation devices into a communication network. For manufacturers, suppliers, integrators, and operators of automation components, the variety of available protocols for information exchange raises the question of which standard to use. To address this question, this contribution provides an overview of different standards for the virtual description of an automation device in the context of device integration and presents a detailed comparison of the following selected standards: W3C WoT Thing Description, Asset Administration Shell, Digital Factory Framework, Automation Markup Language, Module Type Package, OPC UA Process Automation - Device Information Model, and Field Device Integration. These standards are compared with respect to four categories: 1) Representation of a property; 2) Representation of services; 3) Information modeling for direct automation device access; and 4) Mechanism for discovery. The comparison is summarized in an evaluation of the suitability of each standard for different use cases. Since none of the standards fully covers all use cases generic integration strategies are presented for combining the device information models. Finally, a description of a demonstration showcasing this integration, including an implementation as a proof of concept, concludes this contribution."
Papyrus4Manufacturing: A Model-Based Systems Engineering approach to AAS Digital Twins,"As digital twins gain momentum in their usage in diverse domains, the concept of Asset Administration Shells (AAS) has become very relevant for achieving the digital twin approach, where Administration Shells are the digital representation of physical assets. Being a relatively new concept in the Industrial Internet of Things (IIoT) domain, the tools and approaches for creating and deploying AASs are likewise in infancy. This paper introduces an open-source tool, Papyrus4Manufacturing, which provides a model-based systems engineering approach to the AAS. This toolset supports the creation of AAS digital twins from modeling to automatic deployment and connection to assets using the OPC UA protocol. This paper also includes an evaluation of its usability, as it is put to test with an academic use case."
Integrating Computer Vision in a CODESYS PLC to Enable Intelligent Object Identification,"This research investigates the synergy between com-puter vision and programmable logic controllers (PLCs) for enhancing material recycling efficiency. Focusing on aluminum can and glass bottle recycling, this study develops and simulates a user-centric vending machine system. The system employs a convolutional neural network (CNN) for accurate object recog-nition, integrated with a PLC-based control system via the OPC UA communication protocol. By incentivizing recycling through discount offers, the vending machine aims to promote sustainable waste management practices. Successful simulation demonstrates the feasibility of this approach, highlighting the potential for computer vision and PLC integration in the development of advanced recycling solutions."
Model-Based Co-Simulation Method for PLC Programming: Interaction Design and Optimization,"The Industrial Internet of Things (IIoT) is an enabling technology for the evolution of automation industry. The programming of Programmable Logic Controller (PLC) is a core task of industrial automation. To improve the accuracy and efficiency of PLC programming for complex control systems, it is necessary to conduct co-simulation between PLCs and simulation modeling software based on Model-Based Design (MBD). In this paper, a unified model-based co-simulation framework for PLC programming is proposed. This framework provides heterogeneous device communication by integrating OPC UA protocol and hardware-in-the-loop (HIL) verification by code generation and loading. To improve the real-time performance of co-simulation, a data exchange optimization problem is constructed by modeling the offset adjustment of each periodic exchanged data, which considers the nonlinear feature of exchange time with respect to data amount. To solve this problem efficiently, a meta-heuristic algorithm based on an adapted sea-horse optimizer is proposed. A tool based on MATLAB/Simulink is developed to validate the proposed framework and optimization method. The results indicate that the proposed framework is compatible, and the optimization approach significantly improves the efficiency of data exchange."
Advances in the Smart Data Analytics Framework: Integrating Data Extraction and Automated Reporting,"The efficient fusion of information from different data silos in a process plant is essential for a smart data analytics platform. Researchers have developed a GUI-based framework, namely, AMtool, to integrate alarm data and sensor (process) data complemented with process connectivity information. This state-of-the-art smart data analytics framework integrates advanced techniques for data analysis and visualization, performance evaluation, and alarm configuration. This framework also supports alarm flood analysis along with documentation to aid alarm rationalization, enabling industrial processes to become compliant with industry standards. However, an earlier version of the AMtool faced limitations in meeting the automation and real-time data exchange requirements emphasized by the Industry 4.0 paradigm. In this paper, we discuss the recent advances and improvements to make the tool compliant with Industry 4.0 standards, namely, the data extraction interface and automated reporting feature. The data extraction interface facilitates secure and efficient data collection via SQL databases and OPC UA platforms. Additionally, the report generation is more automated for an efficient and more user-friendly option for the regular generation of alarm analysis reports."
Implementation of an Automated Pick and Place System for Didactic Study of Industry 4.0,"Industry 4.0 represents a significant evolution in the field of automation and production, imposing the need to develop advanced educational platforms to train the next generation of engineers and researchers. In this article, is presented an innovative didactic platform for the study of Industry 4.0, focused on the implementation of an automated pick and place system. Our platform integrates advanced hardware and software components, including pneumatic cylinders, vacuum grippers, IO-Link sensors, IO-Link master and IO-Link solenoid valve group, HMI (Human-Machine Interface) and control buttons. These components are interconnected to create a modular and flexible system that is easy to use for educational and research purposes. The article will detail the architecture and operation of the system, as well as the software development process, including the programming languages and environments used. It will also discuss the implemented communication protocols (Profinet, OPC UA, MQTT) and the possibility of activating a web server for interfacing with other systems. The results obtained demonstrate the efficiency and applicability of our platform in the educational environment, providing students and researchers with an interactive and practical environment for understanding and applying Industry 4.0 concepts. This platform is a valuable resource for training future generations of automation and advanced technology specialists."
Integrated Management of Multi-Type Devices Through Aggregation of Information Models,"In the era of Industry 4.0, the execution of intelligent industrial applications relies on collaborations among multi-type devices, such as sensing, computing, and control devices. Al-though a universal information model allows for integrated device management, the model-building complexity rises dramatically with increasing system functions. To address this challenge, an integrated information model with hierarchical architecture is designed. By decoupling device functions, a separated rule is adopted for model construction such that the information model of each device only contains function-related nodes and common attributes for describing device features, reducing the complexity of information model construction. Then, an aggregation server is constructed, enabling application-oriented views. Based on this, efficient management is facilitated by displaying management information of corresponding applications in the user interface, reducing the complexity of integration of sensing, computing, and control devices. Finally, experimental results demonstrate the effectiveness of the proposed scheme. Compared to the standard OPC UA information model, in the aggregation server, the number of model nodes of each type of devices in the application-oriented view is reduced by 79.8% on average."
Research on Intelligent Construction Construction Engineering System under Computer Digitization Technology,"The overall framework of large-scale intelligent building integration system based on IBS technology is proposed. Then, the whole architecture is deeply researched and designed. The realization method of the platform is introduced in detail from the client program design, the main functions of the client and the data transmission mode based on OPC technology. The debugging results show that all performance indexes of the system are good."
Intelligent Monitoring and Managing of Edge Devices,"This research study introduces a new method for extracting insights, making predictions, and managing industrial IoT and edge devices using the reliable OPC-UA (Open Platform Communication Unified Architecture) protocol. It emphasizes the significance of this approach in tackling the difficulties encountered by industries, research institutions, and individual researchers in monitoring real-time data, identifying patterns, and overseeing remote devices. Through the utilization of the OPC-UA protocol, the proposed solution provides a cost-effective and effective way to accomplish these goals."
Implementation of Digital Shadow Concept in the Field of Industrial Automation,We are currently witnessing a gradual increase in interest in digital shadow and digital twin solutions in the field of industrial automation. These solutions require advanced approaches in the process of their creation and are gradually becoming an integral part of industrial automation. This paper focuses on the creation of a digital shadow of a physical robotic cell and progressively goes through all the phases from the analysis of communication problems through the design of possible solutions to the actual implementation of one of the proposed solutions. The connection between the virtual robotic cell and the industrial camera is based on the processing of the data sent by the camera located above the physical robotic cell. This data is processed by a program in the PLC and then transferred to the virtual environment of the digital shadow by communication between the two OPC servers. This paper provides a more detailed overview of one possible technique for connecting the virtual environment with the physical robotic cell.
"Interaction between FeasibilityCheck, PreconditionCheck and SkillExecution in skill-based machining","In order to react more dynamically and flexibly to individual customer requirements, the concepts of skill-based engineering can also be applied in the field of machining. FeasibilityCheck, PreconditionCheck and SkillExecution have emerged as important basic components of complex manufacturing skills in order to be able to control skills usefully and efficiently, especially for machine tools. This paper describes the roles of each basic skill component in machining skills and shows how they can be used. Furthermore, the concept of IDs for referencing already given ParameterSets is evaluated for machining skills. A prototype implementation shows how these ParameterSetIDs can be used to efficiently interact with the basic skill components. The results show the fundamental sense of this separation of FeasibilityCheck, PreconditionCheck and SkillExecution and support the usefulness of using ParameterSetIDs."
Realizing Consistent Digital Twins by Combining Different Data Exchange Technologies,"Designing and utilizing digital twins is one of the recent trends within digitalization of manufacturing industries. But this digitalization not as easy as it sounds. Different infor-mation sets coming from different life cycle phases, used within various use cases, exploiting different information provision technologies, and emerging from different engineering disciplines need to be consistently combined. Within this field technologies like asset administration shells, opeVA and AutomationML are taking a leading position but covering different life cycle phases. Within this paper a first approach is presented in-tending to overcome the integration nightmare by combining the named technologies and enabling the consistent design and application of a digital twin preserving the benefits of the integrated technologies."
Emerging Trends in Education For Industry 4.0 and 5.0 Engineers in Slovakia Using E-learning Web Applications,"This document deals with the challenges in the teaching process that must respond agilely to the challenges of technological advances and other unexpected stimuli (the recent COVID pandemic, assertion of power interests, etc.). It confronts the terms Industry 4.0 and Industry 5.0 and illustrates the importance of interoperability and enumerates the technologies to achieve it. It also presents an experimental platform for Industry 4.0 that addresses several Industry 5.0 challenges at the Institute of Mechatronics at the Slovak Technical University in Bratislava. It explains the importance of teaching Industry 4.0 technologies as a whole and introduces the development of an e-learning web application as a way of learning the necessary skills and shares its benefits and results."
Surface Defect Recognition of Solar Panel Based on Percolation-Based Image Processing and Serre Standard Model,"During the production process of solar panels, it is inevitable to have some defects, such as cracks on the surface of solar panels due to extrusion or damage due to quality issues. This article improves the Serre standard model, which can simulate the ventral visual pathway with object recognition ability, based on the latest research progress and results of simulating biological visual mechanism models in computer vision, to improve the recognition effect of surface defects on solar panels. At the same time, a pre-processing scheme combining Gaussian Laplace operator operator and adaptive Wiener filter to remove noise spots is studied, and the local Gabor Binary Pattern Histogram Sequence (LGBPHS) features are obtained through pre-processing. The Percolation-Based image processing method for detecting obvious cracks was used to determine the location of the algorithm and the calculation results based on the improved standard model method. It mainly refers to the MAX value output by the C2 layer and the classification and identification results of whether there are cracks, and the crack location function is completed. The experimental results show that the proposed method has an accuracy rate of 98.86% in training and 98.64% in testing, and both the false detection rate and the missed detection rate do not exceed 1%. Therefore, the method proposed in the study has a high accuracy and can effectively identify the surface defects of solar panels."
Monitoring and Control of Discrete-Event System Using Augmented Reality and Open-Source PLC,"This paper deals with the interfacing of open-source PLC (Programmable Logic Controller) with augmented reality. The goal is to create an interactive environment for monitoring and control of automation processes. Creating new types of human-machine interfaces (HMIs) is one of the challenges of the Industry 4.0 concept and also relates to the Industry 5.0, which is the coming revolution to be human-centric. The practical part of the project focuses on the implementation of interfacing between PLC and augmented reality using OPC UA (Open Platform Communications Unified Architecture) and MQTT (MQ Telemetry Transport) interfaces. The work results in creation of working prototype that uses 3D engine Unity and ARCore library to create an interactive augmented reality environment."
Network System of Systems Manager,"For several decades, the L3Harris Mission Networks organization has perfected the design, deployment, operations, and management of enterprise-level networks for safety-critical missions using a managed service framework. L3Harris has successfully constructed geographically large and technologically diverse Local Area Network (LAN)/Wide Area Network (WAN) solutions for State and Federal customers by selecting, optimizing, and integrating Commercial off the Shelf (COTS) products and services into an integrated or homogeneous solution meeting exacting performance requirements. These purpose-built network solutions ensure performance and resilience through tailored provisioning and the configuration of highly reliable (e.g., through adaptive redundancy) architectures, diverse service connections and equipment, ubiquitous bandwidth allocation and an unparalleled telecommunication provider governance by a centralized operational support system.Over this same period, there have been key advances in the networking industry which signal the need to evolve beyond our centralized managed services model. These advances include the rapid industry transition from a dedicated Time-division Multiple Access (TDMA)-based solution to multifunction IP-based networks with Quality of Service (QoS) support, the growing deployment of Software Defined Everything (SDE), AI-assisted advanced modeling and simulation, near-universal adoption of cloud-based Infrastructure as a Service (IaaS), design patterns and deployment solutions with the increasing presence of wireless services such as 5G (both fixed and mobile), Long Term Evolution (LTE), Geostationary Orbit (GEO), Low Earth Orbit (LEO) and Medium Earth Orbit (MEO).Within these evolving technologies, network management solutions can move from centralized to federated architectures with the promise of effortless scalability, dynamic adaptability, and seamless collaboration. A federated hierarchical architecture offers organizations a blueprint allowing coordinated management, interoperability of data, resources and processes across heterogeneous systems, locations, and organizational boundaries. To take maximum advantage of such an architecture, we believe there is an opportunity to streamline and optimize network designs through an implementation of a Network System of Systems Manager (NSoSM). The NSoSM is a centralized system used to ingest network telemetry data across one or more networks, process data via AI/ML algorithms, to make informed decisions to improve the delivery of prioritized customer data and improve the usability of mission critical customer applications.The federated architecture construct, consisting of loosely coupled constituent databases for sharing and data exchange, has evolved beyond its origin and the set of standards facilitating its integration. The use of an Open Platform Communications (OPC) Unified Architecture (UA) [01], the International Society of Automation (ISA)-95 model [02], the Manufacturing Enterprise Solutions Association (MESA) Business to Manufacturing Markup Language (B2MML) [03], and message exchange models have improved integration and scalability, resulting in wide adoption in manufacturing environments.The adoption of a federated architecture in enterprise-level, mission critical networks present several challenges. The solution to these challenges can be addressed with three primary capabilities: 1) Integrated Situational Awareness; 2) Integration Gateway, and 3) AI Augmentation and Automated Orchestration, carrying independent value and, when fused together, achieve a NSoSM which autonomously supports a federated ecosystem:Integrated Situational Awareness. Adapting to the increasing volume of technological solutions, the need for highly customized service integrator solutions evolves from a centralized integration of disparate platforms to an enterprise orchestration of integrated System-of-Systems (SoS). This is achieved through creating a hyperconverged monitoring and data collection capability of system logs, synthetic network probes, streaming telemetry and real-time channel performance metrics collected by Fault Management Systems, Network Performance Monitoring and Diagnostics Systems, and Application Performance Monitoring systems. Integrating these COTS solutions, together with Situational Awareness, offer end-to-end (E2E) planning, fault analysis, and command and control (C2) of regulated network environments.Integration Gateway. Of critical importance in the NSoSM model is the need to create a homogeneous, clear user experience across a heterogeneous collection of federated systems. This involves the definition and harmonization of the exchanged data and the technologies used for sending and receiving the exchanged data with intelligent markers to incorporate customer and mission-defined, protections. This involves both the harmonization of data from dissimilar heterogeneous end-systems to a common operating picture and to convert it back to native system languages when suggested configurations are being recommended to optimize customer service performance.AI Augmentation and Automated Orchestration (AIA2O). This capability is comprised of three primary and sequential functions: Datasets, Frameworks and Procedure Validation for AIOps and Command and Control (C2) Orchestration. Data from the Integration Gateway is interpreted into logical threads where Artificial Intelligence (AI)/Machine Learning (ML) algorithms and models apply insight to optimizations required for an improved User Experience (UX), via autonomous orchestration, reducing and sometimes eliminating the human-in-the-loop delay not only reducing the decision chain but also reducing human error. Insights and procedures are validated in a digital twin representation followed by the orchestration of optimizations in a production environment.The Federal Aviation Administration’s publication of Initial Concept of Operations for an Info-Centric National Airspace System asserts that ""The integrated information environment, providing data services including data integration from various sources, allows federated actors to reconcile, contextualize, and share relevant information’’. Additionally, value is perceived by enabling ""multiple entities to provide a federated set of xTM services for flights operating within the same airspace"". Implementing and operating NSoSM capabilities, comprised of an integrated gateway, integrated situational awareness, and AI augmentation and automated orchestration are at the core of where mission critical, enterprise-level networks and SDE are evolving for State, Federal, and Department of Defense (DoD) organizations. L3Harris’ approach to the design of a NSoSM solution provides a limitless overlay adapting to emerging and evolving technologies, meanwhile reduce operating expenses (OpEx) via an ever-growing AI community, enabling independent systems to collectively deliver value that cannot be achieved independently."
Identify the objective parameters of direct communication between PLC and MS SQL server,"When building digital twins of existing technical solutions, we need a large amount of data on the parameters of their operation under various conditions. The source of data on the values of process variables at the lowest level is control devices - most often PLCs. There are many ways to acquire the qualities of process variables available from the PLC level. Increasingly, OPC UA is replacing the OPC model, and the OPC UA server is increasingly a functionality of the PLC CPU. The Industrial Internet of Things IIoT is used in companies moving toward Factory 4.0. Data from controllers can be acquired using high-level languages such as C++, C# or Python. Libraries often made available under an open-source license are used for this. For example, you can find commercial libraries for communication between PLCs of selected manufacturers and MySQL servers. Siemens provides a library for communication between S7-1200/1500 controllers and MS SQL server. The author has yet to find an exhaustive analysis of such a solution. In the literature, there need to be more studies of experiments describing the performance of query generation and execution and the impact of the library on PLC performance. The article presents the results of an experimental study of this issue."
Digital Twin Integration using Lingua Franca and FMI for Testing Factory Automation Software,"The continuous evolution of Industry 4.0 demands advanced solutions for optimizing production processes, reducing energy consumption, and enhancing the capabilities of both human operators and production devices in smart factories. As factory automation software becomes increasingly complex, ensuring its robustness through extensive testing is critical. However, testing on actual production systems is often impractical due to the critical nature of the software.This paper explores the use of digital twins to simulate factory environments, enabling thorough validation of automation software. We propose leveraging Lingua Franca and the Functional Mock-up Interface (FMI) standard to create comprehensive digital twins. Lingua Franca ensures deterministic execution in simulations, while FMI facilitates the integration of diverse simulators for accurate modeling of heterogeneous systems. We introduce an interfacing method to integrate FMI components within Lingua Franca and present a strategy for modeling software-machinery interactions using the OPC Unified Architecture (OPC UA) protocol. The methodology is applied to develop a digital twin of a logistics subsystem in a manufacturing system, demonstrating the effectiveness of the simulation environment through various scenarios."
Network-Based Ransomware - A New Threat Demonstrated on the Example of Industrial Control Systems,"Ransomware is known to take control of data. This paper introduces and explores the novel threat of network ransomware which targets the network between computers. This paper demonstrates this threat on the example of Industrial Control Systems (ICS). In order to describe this novel threat, the Threat Landscape for Ransomware Attacks taxonomy from the European Union Agency for Cybersecurity (ENISA) is extended by the assets - Network and Device - as well as one action - Alter. The original four ENISA actions Lock, Encrypt, Delete and Steal and the additional action Alter are described in this extended taxonomy and demonstrated within an ICS environment in two Evaluation Cases (EC) including the network protocols Modbus/TCP and OPC UA as well as one complex scenario of network based ransomware within ICS involving 3 sensors, 5 actuators, 2 PLCs and 1 Historian using the OPC UA protocol."
"Design and Implement a PC-Based SCADA Education System, Part I: Power System Load Frequency Control and Governor Response","PC-Based control has many advantages over other control systems like Programmable Logic Controller (PLC) base or Programmable Automation Controller (PAC) base control system, such as updating to handle more data processing by simply adding processing power or extend the memory that allows running and processing third party program on the same station. This paper describes the effective, robust, and low-cost design & implementation of a PC-based SCADA education system for the centralized control automatic generation control (AGC) of power system generators in the laboratory at the College of Electrical & Electronic Technology, Benghazi within higher graduate studies program, in this proposed system, it does not only allow the researchers to capture the raw data of the system easily but also it can be run an integrate a third party program OPC-DA for secure communications or OPC-UA for cloud connectivity. In this article, the frequency bias method is used to control power system frequency composed of two generation units using only one controller and evaluate the performance of the whole control system for multi-cases when the sleep time of the controller is changed. Profinet communication was established between the master terminal unit (MTU) and the remote terminal unit (RTU), through fiber optics cables and Small Form-factor Pluggable (SFC) Transceivers to eliminate the delay due to the communication as possible and interference immune. In this article experimental tests have been held on a simple power system 3-phase 380V, 50Hz, composed of two synchronous generator units rated 1.0 kVA each, medium transmission line model, 3-phase 450w resistive load and 1.0 hp, 3-phase induction motor with variable load represents the inductive variable load, the results obtained from the experimental tests were promising and positive, from many cases of different sleep time selected there is no effect on the whole control system performance."
Research on integrated technology of synthetic biology automated platform,"Synthetic biology uses engineering principles to redesign organisms and construct biological systems with specific functions, which is an important way to develop drugs, vaccines, biofuels, etc. In the process of transforming synthetic organisms, researchers need to conduct largescale experiments for a long time, and many of these processes are manual and repetitive tasks, which results in the problems such as low throughput, low efficiency, and slow iteration. In addition, there are many experimental instruments and equipment required in the synthetic biology experiment process. The communication protocols between different instruments and equipment are not uniform, which seriously restricts the automation upgrade process of synthetic biology. To solve these problems, this paper put forward an integration technology based on the Object Linking and Embedding for Process Control Unified Architecture (OPC UA) to realize the interconnection of the synthetic biology automated platform and related instruments needed in synthetic biology process. The stability of the system is further designed and improved by using the concept of Triple Modular Redundancy. This helps the development of an efficient, stable and scalable automated platform for synthetic biology, which greatly improves the efficiency of synthetic biology experiments."
Proposal of a Microservice Plug-and-Produce Architecture for Industry 4.0,"Industry 4.0 (I4.0) guided the evolution of control and automation architectures towards service orientation, Cloud Computing, Edge Computing, and Industrial Internet of Things seeking to provide greater modularity, vertical integration, and connectivity. The current research is focusing on developing and standardizing information models, management of industrial assets, the creation (composition) and management of industrial applications based on services. This paper proposes and presents a microservice Plug-and-Produce (PnPr) architecture for automation in I4.0 systematized in two processes. The Plug process covers the stages of modeling, aggregating, servitizing, installing and discovering, with a focus on the commissioning and discovery of assets. The Produce process covers the stages of communicating, selecting, analyzing, composing, and managing, with a focus on the composition of assets for creating applications. On the Plug part, it is described the modeling of the asset based on the Asset Administration Shell (AAS) standard, the logical programming, discovery as a microservice, the installation and management using container technology. In the Produce part, it is proposed to orchestrate applications through the composition of assets via OPC UA and microservices communication. Our proposal is discussed showing that the PnPr architecture is a viable solution for universalization of access to industrial assets, in addition to leverage the creation of I4.0 applications."
"Systems of Digital Twins and Physical Systems: Interoperability, Decentralization, and Mobility in Robotic Applications","Whereas digital twins are receiving an increasing attention, their implementation has been predominated by monolithic and static solutions. A resulting issue is the lack of a modular integration and seamless interplay of digital twins when it comes to adapt and support varying industrial and societal applications. Another drawback arises from limited services that digital twins can provide as the physical system is extended with new components and/or separated from constituting parts, giving rise to a metamorphosic system of systems. Furthermore, the respective mobility of physical systems and citizens assumed to interact with them via their digital surrogates is hardly transformed into industrial and societal opportunities, such as a pervasive and itinerant human-robot-interaction ($\pi$-HRC). Within the scope of our Metarobotics framework that propels $\pi$-HRC, we address these challenges by leveraging on the OPCUA standard to develop portable data connectors that move with and give access to the data source, which is the associated physical system. Our Raspberry-Pi driven connector encapsulates a digital twin of the corresponding system and its offered services to capture the loose coupling and decentralization of systems of systems even remotely and in motion. Each data connector semantically interoperates with any OPC-UA capable system and device via wireless communication. This opens up new opportunities for different monitoring (and control) modalities of large scale systems whose physical or/and virtual constituting subsystems are distributed across distinct geographical locations in the industrial and societal realm. We apply our framework to a mobile multi-arm robotic system with edge-computing capabilities and demonstrate the performance of its monitoring functionality from the cabin of a moving train in city traffics in practice. We provide experimental measurements results and highlight the usefulness and effectiveness of our approach."
Towards an Ontology-Based Generic Interface for Field Device Capabilities in Automation Systems,"Field devices play an important role in the automation industry, providing the means to sense and control industrial processes. With the emergence of the Industry 4.0 strategy within the last decade, field devices now require an intelligent description that enables interoperability regardless of communication protocols and standards. Organizations such as the OPC UA Foundation and the Industrie 4.0 Platform are leading the way with standardized metadata models for describing intelligent systems. These standards enable the definition of interoperable semantic models that provide static and dynamic information for sensors and actuators. However, an open issue is the definition of a generic interface that abstracts the specific domain concepts from the different standards and field device organizations. In this paper, we propose an ontology-based interface to obtain generic field device capabilities and their relation to a field device-specific implementation. This approach allows industrial systems to automatically retrieve information from field devices without having to understand the specific semantics of a protocol and provides a bridge between the raw process data and a generalized definition that can be reused across devices. A proof of concept is presented with the integration of the generic interface for field devices and its implementation on a Programmable Logic Controller with a CODESYS runtime."
A Data Driven Digital Twin Visualization Method for Motion Control,"Aiming at the interaction and fusion of digital space and physical space in digital twin system, a data driven digital twin visualization method for motion control is proposed. OPC UA protocol is adopted to realize data acquisition, and the disconnection reconnection mechanism is added to deal with emergencies; The acquisition time frequency is determined to ensure the smooth movement of the twin model, and the real-time data persistence operation is realized to facilitate the inverse time analysis of historical data; Realize the motion constraint of the twin model, add the parent-child hierarchical relationship between the motion limit constraint and the components of the equipment model, ensure that the twin model conforms to the real physical properties, and realize the motion drive, including coordinate movement, rotation, clamping, etc; The reverse time replication service is realized by adding data smoothing and other functions. The feasibility of the method is verified on the NC machine tool test bed and the stacking robot, which provides a practical basis for the method."
Towards cloud-based Control-as-a-Service for modular Process Plants,"BACKGROUND: Computational and data-intensive technologies such as model predictive control and artificial intelligence have the potential to increase process yields in the process industry. In modular plant designs, the flexible and difficult-to-predict use of a particular module presents the challenge of providing the right amount of data, computing power, and storage capacity to use these technologies in each module.OBJECTIVE: Simplifying the deployment and reconfiguration of compute-intensive applications for modular plants.METHODS: Reviewing the current state of the art and combining the modular plant concept with a cloud-based Control-as-a-Service (CaaS) approach.RESULTS: A cloud-based, containerized CaaS concept that supports the deployment compute- and data-intensive methods for modular plants. The complementing communication stack consisting of standards such as APL, TSN and OPC UA FX.CONCLUSION: The proposed architecture simplifies IT/OT integration, eases the deployment of compute-intensive technologies, and allows for GMP compliant pre-qualification of software modules. However, the limiting factors like plant safety, conformity to regulations and widespread architecture adoption are not covered in detail and will be subject of future research."
Deep Learning-based Enhanced Security in Cyber- Physical Systems: A Multi-Attack Perspective,"Today{\prime}s key industries, including energy, healthcare, and transportation, rely heavily on Cyber-Physical Systems (CPS) as their foundation. All the same, these systems are seriously threatened by the wide range and growing complexity of cyberattacks. Traditional security measures typically fail when identifying intricate, multi-phase, and unique threats. This research presents a deep learning-based approach to improve CPS{\prime}s resistance against cyber threats. This work aims to detect multiple network attackers with distinct attack natures and provide a novel hybrid architecture. To analyze the performance of the proposed architecture, a publicly available dataset OPC UA is used, which contains Denial of Service (DoS), Man-in-the-middle (MITM), and spoofing attack data. The performance is compared with existing detection frameworks. The findings show a notable increase in detection accuracy over current approaches, underscoring the promise of deep learning strategies in protecting CPS against cyberattacks. This research contributes to cyber-physical security and provides valuable information for implementing intelligent attack detection systems in CPS."
Research on Virtual Simulation Design of Intelligent Production Line Based on Visual Components and PLC,"This paper is based on Visual Components and PLC to conduct a virtual simulation design study on an intelligent CNC machining production line for typical part shaft in machinery. Firstly, built a simulation intelligent production line through Visual Components software. Used Siemens TIA Portal to write PLC program. Then established joint simulation communication between the two through OPC UA protocol. So as to realize the debugging and control of the operation of the simulation production line of CNC machining of parts shaft. Through joint simulation, the entire CNC machining process of the part shaft can be visually simulated, and simulation analysis can be used to predict and plan the actual production line layout. Optimized the production line process flow, and provide guidance for improving production efficiency. So as to reduce production costs, improving production working environment, and enhancing safety."
Integration of 5G and Industrial Digital Models: A Case Study with AGVs,"5G is a fundamental technology for the digitalization of smart manufacturing. Smart manufacturing relies on the use of digital models to optimize industrial processes before implementation on the manufacturing plants. These models should account for the impact of 5G communications to adequately dimension and optimize 5G-based industrial processes. This paper presents the first integration of industrial digital models with a 5G digital model, implemented as an Asset Administration Shell (AAS) of a 5G system. The two models are interconnected using an OPC UA-based interface. We evaluate the impact of the integrated model using a use case where Automated Guided Vehicles (AGVs) transport material from a warehouse to production lines. The AGVs periodically exchange their positions over 5G to avoid potential collisions. If the communications fail, the AGVs stop for safety reasons until a reliable 5G connection can be guaranteed. We demonstrate that, by integrating 5G and industrial digital models, it is possible to account for, and quantify, the impact of 5G communications on the operation and productivity of industrial processes. This result highlights the importance and necessity of integrating 5G into industrial digital models for their joint design and optimization."
5G vPAC virtual hybrid power plant,"Integration of renewables, electrolyzers and storage into existing electricity grid infrastructure often requires improved and easy to deploy computation and communication capability. Application of secure and deterministic communication enables quick aggregation and control of new and existing grid assets. Protection, control and data acquisition functionality can co-exist on the same communication fabric. The fifth generation telecom standard (5G) enables new solutions as it offers improvements in speed (enhanced Mobile BroadBand - eMBB), determinism (Ultra-Reliable Low Latency Communication - URLLC), number of connected devices (massive Machine Type Communications - mMTC) and third party function virtualization (Multi-access Edge Computing - MEC). With virtual protection, automation and control (vPAC), the network functions virtualization (NFV) and software defined networking (SDN) concepts from telecom are being applied to protection and control functionality in the power industry. The application of standard data center equipment enables enhanced computation capabilities, reliable operations as well as facilitated maintenance. Furthermore, private telecom spectrum assignment and operator network slicing enables new architectures such as private 5G systems to be considered. Technologies such as virtualization, time sensitive networking, OPC UA, IEC 61850 and Kafka can be applied to facilitate connection of renewables, electrolyzers and storage, realization of grid ancillary services, deployment of relay protection functions as well as connection of asset analytics and trading systems. A 5G vPAC Virtual Hybrid Power Plant field project based on a private 5G system has been set up in Stockholm, Sweden to demonstrate the benefits of these concepts. Results indicate that systems designs can be simplified, operations can be facilitated and cost savings can be realized."
The CCAM Decision Support Platform of the DIGEST project – the Digital Twin as the result of a long-term research and development roadmap,2024
LOFAR2.0 Monitoring and Control Design,"In this work we present the Monitoring & Control (M&C) software-architecture design for the LOFAR2.0 radio telescope. Including a radical shift to embracing Free & Open-Source Software (FOSS), decentralized and decoupled data storage, and the use of industry-standard protocols for data and control interfaces including OPC-UA [1] and Tango Controls [2]. We demonstrate that this design outperforms the previous design in accordance to a set of metrics from well established software quality characteristics such as maintainability and transferability."
Digital Twin Development for a Quality Control Cell,"The Digital Twin is one of the enabling technologies of Industry 4.0, Cyber-Physical Systems and Smart Factories. In this context, Digital Twins can be developed for being employed through the entire lifecycle of a system, for design, operation, monitoring, maintenance, and even fault prediction and reconfiguration. This paper describes the development of a Digital Twin for a Quality Control cell that is part of a larger manufacturing process in the automotive industry. The virtual environment was built using ABB RobotStudio, the communication between devices in the cell was implemented with OPC UA (UA. NET and open62541), and the process data are registered in a database using MySQL. The results show a fully functional simulation of the cell's behaviour and future development will include the connection of the Digital Twin with the real system."
"Toward Deterministic Communications in 6G Networks: State of the Art, Open Challenges and the Way Forward","Over the last decade, society and industries have undergone rapid digitization that is expected to lead to the evolution of the cyber-physical continuum. End-to-end deterministic communications infrastructure is the essential glue that will bridge the digital and physical worlds of the continuum. We describe the state of the art and open challenges with respect to contemporary deterministic communications and compute technologies— 3GPP 5G, IEEE Time-Sensitive Networking, IETF DetNet, OPC UA as well as edge computing. While these technologies represent significant technological advancements towards networking Cyber-Physical Systems (CPS), we argue in this paper that they rather represent a first generation of systems that are still limited in different dimensions. In contrast, realizing future deterministic communications systems requires, firstly, seamless convergence between these technologies and, secondly, scalability to support heterogeneous (time-varying requirements) arising from diverse CPS applications. In addition, future deterministic communication networks will have to provide such characteristics end-to-end, which for CPS refers to the entire communication and computation loop, from sensors to actuators. In this paper, we discuss the state of the art regarding the main challenges towards these goals: predictability, end-to-end technology integration, end-to-end security, and scalable vertical application interfacing. We then present our vision regarding viable approaches and technological enablers to overcome these four central challenges. In particular, we argue that there is currently a window of opportunity to establish, through 6G standardization, the foundations for a scalable and converged deterministic communications and compute infrastructure. Key approaches to leverage in that regard are 6G system evolutions, wireless-friendly 6G integration with TSN and DetNet, novel end-to-end security approaches, efficient edge-cloud integrations, data-driven approaches for stochastic characterization and prediction, as well as leveraging digital twins towards system awareness."
Improving the Real-Time Capability of MQTT for Sensor Networks (MQTT-SN) Using PREEMPT_RT,"Real-time capability plays an important role in modern factory communication systems. However, protocols such as MQTT, CoAP, and MQTT-SN, which are increasingly finding their way into industrial environments alongside industrial-grade protocols such as OPC UA and DDS, cannot fulfill the timing requirements without further optimization. In this paper, we present extensions of MQTT-SN to improve the real-time behavior in combination with PREEMPT_RT, which provides different real-time mechanisms for the Linux kernel. We address general, operating system-based, and hardware-specific optimizations. Their benefits are demonstrated by measurements in a practical testbed. The proposed extensions reduce delay and jitter, but do not aim to guarantee an upper bound on end-to-end delay."
A Data-Driven Digital Twin Architecture for Failure Prediction of Customized Automatic Transverse Robot,"The customized automatic transverse robots play important roles in transporting heavy printing material rolls in automatic and intelligent flexible packaging printing workshops. A three-dimensional (3D) real-time visualization monitoring and feedback system of the customized automatic transverse robot is developed by adopting digital twin technology. This system is based on the theoretical framework of the data-driven digital twin model, and the main functions work through the physical layer, digital twin layer, and functional layer. The twin model is established and connected through the parent-child matching relationship of the components and it is driven by the real-time data which are acquired, transmitted and stored through communication protocols, such as OPC UA and RS-485. The physical automatic transverse robot and the virtual world of digital twins are synchronously mapped. The data are transferred from the virtual world twin model to the real world by establishing the application programming interface (API), implementing a feedback regulation mechanism that controls reality with virtuality. Combined with the long short-term memory (LSTM) model, the prediction of the failure trend of automatic transverse robot during the motion process has been achieved. A prototype digital twin system is developed for validation, which completes the closed-loop system of digital twin theory and proves the feasibility and effectiveness of the proposed system."
Integrating Augmented Reality within Digital Twins for Smart Robotic Manufacturing Systems,"This paper explores the integration of augmented reality into robotic manufacturing systems, emphasizing the enhancement of connectivity, real-time data processing, and interactive visual interfaces. Utilizing Hololens 2 headsets equipped with OPC UA clients, the system establishes a direct interface between operators and the digital and physical components of the manufacturing environment. The architecture employs augmented reality to facilitate sophisticated operational control and visualization, ranging from robotic additive manufacturing to complex tasks like robotic sanding and screwing with integrated camera systems. This integration showcases significant advancements in manufacturing processes, allowing operators to engage interactively with the systems, optimize workflows, and improve overall precision and efficiency in a smart factory setting."
I Know Who You Scanned Last Summer: Mapping the Landscape of Internet-Wide Scanners,"In today's Internet, a plethora of services are, intentionally or unintentionally, publicly accessible. Internet-wide port scanning is a widely used method to discover such services. Malicious actors as well as researchers use port scans to detect and analyze exposed Internet services. Vulnerabilities in Internet of Things (IoT) devices and their associated services have been a target of widespread malicious activity involving botnets, such as the Mirai botnet. As a result, IoT protocols are of particular relevance to vulnerability scanning and Internet security. This development raises the question of who is scanning the Internet, particularly IoT ports, and their intentions. In this work, we analyze the traffic received over the period of 8 months on 6 honeypots located across different continents. On each honeypot, we provide selected IoT services, namely AMQP, CoAP, MQTT, and OPC UA. We identify scanners that scan these honeypots and categorize their scanning behavior, e.g., the scanning range and frequency. We identified 43 organizations responsible for 30.3 % of overall traffic, of which 21 scan at least one of the selected IoT services. We further analyze the scanning tools used. We identified traffic generated by scanning tools such as Masscan, ZMap” and the Mirai botnet."
Industry 4.0-compliant asset administration shell service collector using single-board computers,"Industry 4.0-compliant digitalization is intensively penetrating the industrial Eco-system, bringing its benefits by generating or improving new complementary functionalities and associated business, providing a feasible way to interconnect stakeholders within the value chain and supply-chain, as well as along the product and system's Life-Cycle, which can share digitalized data and information in form of Added-value Services. To facilitate perform those businesses, Industry 4.0-compliant service-oriented infrastructures are required. Functionalities and associated data and information can be provided/exposed and/or consumed as services by systems of Cyber-physical things. In the language of Industry 4.0, those physical things are identified as “Assets”. Each physical “Asset” has associated a Cyber-part, the so called Asset Administration Shell (AAS), which contains a set of digitalized Data/Information/Function-Models, i.e., Digital Twins, and responsible for supporting an Industry 4.0-compliant communication/networking of the digitalized Asset. The AAS is fully responsible for the provision, exposition, consumption, composition, orchestration of services. The broad adoption of the AAS in a digitalized industrial environment is mainly depending on the costs of the digitalization-migration-process, which needs to respond to a set of functional and technical requirements. Among others, requirements for using Low-Cost technologies supporting the implementation of AAS with low energy consumption, efficiency and flexibility, should essentially be fulfilled. In this scenario, the authors present a service-collector of AAS that is implemented in commercial low-cost technology and deployed in a common Industry 4.0-compliant network, using REST-API and and OPC UA based infrastructure. The paper describes also the corresponding algorithm to perform the service-collection, based on the Python programming language, which is finally deployed and executed by a Single-Board Computer."
"Towards Identifying Neglected, Obsolete, and Abandoned IoT and OT Devices","The rapid adoption of Internet of Things (IoT) and Operational Technology (OT) devices to control systems remotely has introduced significant cyber-security challenges. Attackers have compromised millions of such devices over the years, exploiting their lack of management and weak cyber-security. In this paper, we examine cyber-security issues of neglected, obsolete, and abandoned IoT and OT devices exposed to the Internet. The core of our work focuses on identifying these devices using common scanning tools to find indicators of vulnerabilities and misconfigurations. Moreover, we present an analysis of our Internet-wide scans during a period of two weeks targeting security issues in 8 IoT and OT protocols: MQTT, CoAP, XMPP, Modbus, OPC UA, RTPS, DNP3 and BACnet. We observed over 1 million addresses exposing one or more of these services, of which 675,896 appear vulnerable or misconfigured. Lastly, we examine the IP reputation of the vulnerable devices and show that 7,424 were reported at least once."
Machine Learning Model for System-of-Systems Interoperability,"The article discusses the role of digitalization and the Internet of Things (IoT) in today's world, with a focus on their application in industrial automation as part of the Industry4.0 concept. A case is made for the use of IoT to improve monitoring, increase production flexibility and save resources. Particular attention is given to systems of systems (SoS), which consist of autonomous and interacting components. Five key characteristics of SoS are examined: autonomy, ownership, connectivity, diversity, and emergence. The paper also analyzes service-oriented architectures (SOAs), such as RAMI4.0 and OPC-UA, which are used to integrate IoT and SoS. The importance of developing interfaces and service contracts to enable interoperability between system components is discussed. A separate section is devoted to cyber-physical systems (CPS), which combine physical and computational elements to create more complex and interconnected industrial systems. The paper discusses the different classes of interoperability: informational, semantic, dynamic, and operational, and their role in the design and operation of SoS. It concludes by proposing the application of network control principles SPCFA to SoS system management, which contributes to improved monitoring and control in industrial automation."
Intuitive Instruction of Robot Systems: Semantic Integration of Standardized Skill Interfaces,"This work aims at facilitating the integration of industrial robots and other devices such as their gripper tools at small and medium-sized enterprises (SMEs). For this purpose, an intuitive user interface for the skill-based instruction of robot systems is combined with standardized opc UA-based skill interfaces that support various hardware and software resources from different manufacturers. Special emphasis is laid on supporting different user groups with varying levels of expertise. Production system engineers are provided with a detailed graphical user interface (GUI) for hierarchically defining new skills by combining preexisting ones. System operators receive a simplified view with limited complexity for process instruction and changing high-level task parameterizations. The skills and relevant semantic context knowledge about products, processes, and resources (PPR) are formally represented in OWL ontologies to enable hardware-agnostic process descriptions that can be deployed to different production environments, while automatically deriving parameterizations for skill invocations. The proposed concept has been qualitatively evaluated in two real-world robot workcells based on a smartphone accessory packaging use case."
Industrial Teleassistance with the Help of Augmented Reality,"This paper details the integration of augmented reality (AR) in a new factory, focusing on enhancing maintenance efficiency and optimization. The innovative approach involves combining AR technology, an Android application, and Siemens PLCs (Programmable Logic Controller), for efficient automation. The robustness of the PLC enables seamless integration within manufacturing environments, accommodating diverse programming paradigms. The software aspect features Human Machine Interface (HMI) configuration using Siemens’ WinCC software, offering dynamic visualizations, alarm handling, and data logging. WinCC’s scalability suits applications of varying sizes. The HMI architecture is designed for easy parameter display. The Android application, developed with Java and Python, leverages their respective strengths in Android app development and image processing. Data exchange is facilitated by OPC-UA, supporting multiple programming languages for seamless communication. The AR Teleassistance is highlighted as a revolutionary solution, fostering real-time communication among global experts, technicians, and operators. Beyond gaming origins, AR teleassistance enhances efficiency in various sectors, minimizing downtime and facilitating global knowledge transfer. The integration of Teleassistance promotes effective collaboration between human expertise and automated systems, crucial for optimal performance in modern industrial settings. Continuous development is suggested through the addition of more 3D mechanical drawings and real-time stock information for parts in the application, aiming for future optimization and performance enhancement."
IESF: Interval Event Streaming Format for the Data Lake of Production,"The Industrial Internet of Things (IIoT) collects data from heterogeneous sensor networks, individual instruments, machine controls, and other interconnected devices. The transmission of data to a central repository, such as a data lake, and its aggregation is considered one of the prerequisites for Industry 4.0 and the Internet of Production (IoP). In the vast majority of cases, data collected by IIoT systems is transmitted as continuous stream of time-stamped measurement data. However, for the analysis and optimization of industrial processes, data needs to be aggregated and transformed into process-centric data models that represent the process as a discrete sequence of events. Established protocols such as OPC UA or XES support only one perspective each: that of the machines or that of the process. Our aim therefore is, to develop a unified data streaming message format that enables IIoT systems to collect and transmit machine-centric time series data enriched with process-centric temporal structuring. This is achieved by defining a set of six data streaming message types that are capable of communicating data linked to instants, time intervals and sets of time intervals. We validate the capabilities of the proposed format by applying it to the discontinuous, cyclic High-Pressure Die Casting (HPDC) process. We demonstrate that the introduction of the interface facilitates efficient transmission of process data and reduced effort in data retrieval, preparation and analysis."
Increasing Ethernet TSN Multi-Protocol Interoperability by Algorithmic Configuration Merge,"Standardization and prototyping of Ethernet Time Sensitive Networking (TSN) makes progress and its mechanisms are utilized with various application protocols and technologies within the industrial automation domain. Sharing Ethernet TSN mechanisms in multi-protocol networks impacts interoperability. Although the International Electrotechnical Commission (IEC) and the Institute of Electrical and Electronics Engineers (IEEE) attempt to unify Ethernet TSN utilization with the IEC/IEEE 60802 TSN Profile for Industrial Automation, Ethernet TSN devices already exists on the market by different vendors. An area of conflict is the egress configuration of a single Ethernet-Interface for TSN streams of different technologies, such as PROFINET, CC-Link IE TSN and OPC UA Field eXchange. A practical post processing solution can be to merge Ethernet TSN configurations for a single port. A concept for a Configuration Merge Algorithm (COMEA) is presented in this work. A test environment consisting of multiple industrial automation applications with an Ethernet TSN network infrastructure is used to demonstrate the result of application."
Asset-Administration-Shell-Based Continuous Engineering in Energy Industries,"Asset engineering process in energy industry domain is a complex multi-disciplinary and multi-organizational process including an iterative exchange of a large number of artifacts. Legacy document-centric exchange process of those artifacts is an error-prone semi-manual process negatively impacting overall project duration and quality. We present results of a collaborative study between ABB and Equinor exploring the potential of the digitalization of this process based on Industry 4.0 technologies, especially the Asset Administration Shell. An exemplary engineering workflow including OPC UA and AutomationML models embedded in Asset Administration Shells was implemented along with novel Asset Administration Shell infrastructure. Despite minor flaws in maturing Industry 4.0 technologies, no major roadblocks were identified."
Research on Construction of Digital Twin Models for Workshop-level Industrial Equipment,"As a key driver for the intelligent transformation of manufacturing industry, digital twin technology enables the integration of physical space and information space, with the ability to describe, diagnose, predict, and make decisions about physical entities. In order to enhance the efficiency and authenticity of constructing digital twin workshops, this paper proposes a digital twin modeling method suitable for most workshop-level industrial equipment based on the three-layer architecture of digital twins. The paper first establishes the system architecture of the workshop's digital twin system. Then, it describes the modeling method from the aspects of geometry, physics, mechanics, and introduces the information concept model for the workshop. The method is implemented using OPC UA to achieve information modeling and virtual-to-real mapping. Finally, a digital twin implementation is performed for a manufacturing workshop to validate the effectiveness of the proposed method."
Simulation and Digital Twin: Modern Technology and Approach,"Visualize your digital twin residing in a virtual environment where you could test every choice, prepare for any surprise, and create your best and most prosperous existence in life. Imagine your digital twin living in a virtual world. As more variants can be explored through simulation, analysis and design cycles are shortened and better optimized results are ensured. Through the device's lifecycle, the results of simulations can easily be shared for additional purposes rather than remaining stranded in closed environments. By digitally mirroring important data and behavior, a digital twin makes this possible. In doing so, it makes tasks like configuration, condition monitoring, and prediction simpler. To support decisions made on the production floor, this data can also be accessed on mobile devices, for instance with the use of augmented reality. On similar lines, in this paper modern technology used in creating a Digital twin step by step and simulating it with simulation software is explained with the help of a case study of industrial Box Lift Machine along with communication feature like OPC UA and Human machine interface HMI. Latest modern technology for Simulation and Digital Twin is explained along with its practical implementation."
