"Document Title",Authors,"Author Affiliations","Publication Title",Date Added To Xplore,"Publication Year","Volume","Issue","Start Page","End Page","Abstract","ISSN",ISBNs,"DOI",Funding Information,PDF Link,"Author Keywords","IEEE Terms","Mesh_Terms",Article Citation Count,Patent Citation Count,"Reference Count","License",Online Date,Issue Date,"Meeting Date","Publisher",Document Identifier
"The Specifics of Building a Cross-Platform OPC UA Server for a CNC System","G. Martinov; A. Zakharov","Department of Computer-Architecture Control Systems, Moscow State University of Technology ""STANKIN"", Moscow, Russia; Department of Computer-Architecture Control Systems, Moscow State University of Technology ""STANKIN"", Moscow, Russia","2023 International Conference on Industrial Engineering, Applications and Manufacturing (ICIEAM)","5 Jun 2023","2023","","","702","707","There is a justified need for a cross-platform implementation of an OPC UA server for a CNC system. The available open-source libraries that implement the OPC UA stack have been analyzed, and a solution based on open62541 has been selected. An architectural model for the interaction between the OPC UA server and the CNC system core has been proposed. In addition to the traditional mechanism for obtaining current data values from the CNC system core, the OPC UA server implements a mechanism for working with historical data and a mechanism for controlling the CNC system by sending commands through a control channel via a callback method. Class diagrams illustrating the implementation of these mechanisms have been provided. An OPC UA client has been developed in C# programming language for testing the cross-platform OPC UA server of the CNC system.","","978-1-6654-7595-2","10.1109/ICIEAM57311.2023.10139086","Ministry of Science and Higher Education of the Russian Federation; Ministry of Higher Education; ","https://ieeexplore.ieee.org/stamp/stamp.jsp?arnumber=10139086","CNC system;OPC UA client/server;CNC kernel;historical data","Computer languages;Operating systems;Linux;Control systems;Libraries;Windows;Servers","","2","","22","IEEE","5 Jun 2023","","","IEEE","IEEE Conferences"
"A Domain-Driven Design Oriented OPC UA Server Development Methodology for CPPS","M. Majumder; A. Zoitl","LIT CPS Lab, Johannes Kepler University Linz, Linz, Austria; CDL VaSiCS, LIT CPS Lab, Johannes Kepler University Linz, Linz, Austria",2023 IEEE 28th International Conference on Emerging Technologies and Factory Automation (ETFA),"12 Oct 2023","2023","","","1","8","Software has become an integral part of production automation systems and it is going to play a key role in the realization of Cyber-Physical Production Systems (CPPSs), a software-defined futuristic smart production environment. However, the emergence of CPPS has led to the development of a new genre of software tools that aims to bridge the gap between the machine world and the software domain. Examples of such tools are Open Platform Communication Unified Architecture (OPC UA) based software applications that are seen as potential enablers for CPPS. Building OPC UA server applications for CPPS could pose multiple challenges which could be addressed using established software development approaches. In this paper, we investigated the well-known Domain-Driven Design (DDD) based software development concept and its applicability regarding the development of an OPC UA server application for CPPS.","1946-0759","979-8-3503-3991-8","10.1109/ETFA54631.2023.10275496","","https://ieeexplore.ieee.org/stamp/stamp.jsp?arnumber=10275496","CPPS;Domain-driven design;Information Model;Layered Architecture;OPC UA","Production systems;Software architecture;Architecture;Buildings;Computer architecture;Aging;Software","","1","","32","IEEE","12 Oct 2023","","","IEEE","IEEE Conferences"
"Smart Energy Town: Constructing OPC UA-Based Network Architecture","C. Lee; Y. I. Lee","Department of Electrical Engineering, The Seoul National University of Science and Technology University, Seoul, Korea; Department of Electrical Engineering, The Seoul National University of Science and Technology University, Seoul, Korea","2023 23rd International Conference on Control, Automation and Systems (ICCAS)","20 Nov 2023","2023","","","1105","1107","This paper focuses on the integration of Open Platform Communication Unified Architecture (OPC UA) technology in the context of smart energy towns. With the increasing importance of carbon neutrality, efforts are being made to replace power generation with carbon reduction technologies based on renewable energy. However, challenges arise in terms of system integration and interoperability in smart energy towns, which require the coordination of diverse energy sources and ensuring network stability and security. By applying OPC UA, this paper aims to efficiently manage heterogeneous systems, and enable system expansion and emergency response. The paper presents the architecture of a smart energy town, discusses network establishment, implementation of OPC UA-based semantic energy devices, and provides a case study of a SCADA system. This paper contributes to the effective management and integration of distributed energy assets in smart energy towns.","2642-3901","978-89-93215-27-4","10.23919/ICCAS59377.2023.10316871","National Research Foundation of Korea (NRF); Ministry of Trade, Industry and Energy (MOTIE); Korea Institute for Advancement of Technology (KIAT)(grant numbers:NRF-2019R1A6A1A03032119,P0017189); ","https://ieeexplore.ieee.org/stamp/stamp.jsp?arnumber=10316871","IIoT;Industrial 4.0;OPC UA;Interoperability;Semantic Energy Device;Energy Information Model","Renewable energy sources;Semantics;SCADA systems;System integration;Network architecture;Stability analysis;Security","","","","4","","20 Nov 2023","","","IEEE","IEEE Conferences"
"Seamless Integration of Legacy Industrial Systems with OPC UA for Enhanced Digital Transformation","S. R; G. V S; I. R; D. K; B. N; V. A","Department of Instrumentation & Control Engineering, Sri Sairam Engineering College, Chennai, India; Department of Instrumentation & Control Engineering, Sri Sairam Engineering College, Chennai, India; Department of Instrumentation & Control Engineering, Sri Sairam Engineering College, Chennai, India; Department of Electronics & Communication Engineering, Sri Sairam Engineering College, Chennai, India; Department of Instrumentation & Control Engineering, Sri Sairam Engineering College, Chennai, India; Department of Instrumentation & Control Engineering, Sri Sairam Engineering College, Chennai, India","2024 International Conference on Power, Energy, Control and Transmission Systems (ICPECTS)","12 Dec 2024","2024","","","1","6","The integration of legacy systems with modern control technologies is a significant challenge in the digital transformation of industrial environments. Many facilities still rely on outdated equipment that lacks compatibility with contemporary communication standards like OPC UA (Open Platform Communications Unified Architecture). This paper proposes a comprehensive solution to bridge this gap by developing OPC UA wrappers and adapters that facilitate communication between legacy systems and modern control infrastructures. The approach involves translating data from various legacy protocols into the OPC UA format, enabling seamless data exchange and interoperability. A central OPC UA server is implemented to aggregate and normalize data, providing a unified and secure platform for real-time monitoring and control. The proposed solution was evaluated in a simulated industrial environment, demonstrating effective data integration, enhanced performance, robust security, and high operator satisfaction. The results validate the feasibility of using OPC UA to integrate legacy systems, supporting digital transformation and fostering a more connected industrial ecosystem.","","979-8-3315-0884-5","10.1109/ICPECTS62210.2024.10780333","","https://ieeexplore.ieee.org/stamp/stamp.jsp?arnumber=10780333","OPC UA;Legacy Systems;Digital Transformation;Industrial Automation;Data Integration;Interoperability;Real-Time Monitoring","Protocols;Digital transformation;Ecosystems;Aging;Control systems;Real-time systems;Servers;Security;Monitoring;Interoperability","","","","14","IEEE","12 Dec 2024","","","IEEE","IEEE Conferences"
"Design and Implementation of Control System for Deep-Sea Dry Recovery Unit Based on OPC UA","M. Yang; J. Zhang; Y. Lei; G. Sheng","China Ship Scientific Research Center, Wuxi, China; China Ship Scientific Research Center, Wuxi, China; China Ship Scientific Research Center, Wuxi, China; China Ship Scientific Research Center, Wuxi, China",2023 IEEE 11th Joint International Information Technology and Artificial Intelligence Conference (ITAIC),"1 Feb 2024","2023","11","","905","909","This paper designs and develops a control system based on the OPC UA for the requirements of the deep-sea dry recovery unit. In terms of hardware, the idea of decentralized collection and centralized control is adopted, with multiple IO modules arranged to collect device data. On the software side, establish the OPC UA information model and server to store the status data uploaded by the IO module, and send user instructions to the IO modules to generate a control signal output to devices. The user interface development was completed using QML language, based on the OPC UA client. Finally, the system functionality was verified through prototype testing.","2693-2865","979-8-3503-3366-4","10.1109/ITAIC58329.2023.10408815","","https://ieeexplore.ieee.org/stamp/stamp.jsp?arnumber=10408815","dry-wet conversion;OPC UA;control system;marine engineering;communication interface","Computer architecture;User interfaces;Reliability engineering;Stability analysis;Software;Servers;Testing","","","","5","IEEE","1 Feb 2024","","","IEEE","IEEE Conferences"
"OPC UA over TSN (Time Sensitive Network) for Vertical and Machine to Machine Communication","A. Moshiri; A. M. A. Hemmatyar","Faculty of Computer Engineering, Intl. Campus (SUTIC), Sharif University of Technology,, Kish, Iran; Department of Computer Engineering Sharif, University of Technology (SUT), Tehran, Iran","2023 9th International Conference on Control, Instrumentation and Automation (ICCIA)","26 Apr 2024","2023","","","1","6","This report introduces OPC UA (Open Platform Communication- Unified Architecture) over TSN (Time Sensitive Network), a transformative technology for Industry 4.0. Combining OPC UA's vendor-independent and secure data exchange capabilities with the precision and determinism of TSN, OPC UA TSN is poised to revolutionize industrial communication. It enables horizontal and vertical data exchange in smart factories, offering a robust solution for control-level communication. The report discusses its architectural foundations, key technologies, and practical implementations. By seamlessly integrating with existing industrial systems, OPC UA over TSN is set to meet the evolving requirements of Industry 4.0. Its potential for reducing latency and enhancing performance makes it a promising solution for the future of smart manufacturing.","","979-8-3503-6601-3","10.1109/ICCIA61416.2023.10506350","","https://ieeexplore.ieee.org/stamp/stamp.jsp?arnumber=10506350","OPC UA;Time Sensitive Network;Horizontal and Vertical Data Exchange;Control-Level Communication;Industry 4.0","Protocols;Instruments;Layout;Industrial communication;Fourth Industrial Revolution;System-on-chip;Security","","1","","7","IEEE","26 Apr 2024","","","IEEE","IEEE Conferences"
"A Survey on OPC UA Protocol: Overview, Challenges and Opportunities","J. T. Da Silva; A. L. Dias; I. N. Da Silva","University of São Paulo, São Carlos, Brazil; Federal Institute of Education, Science and Technology of São Paulo, Sertãozinho, Brazil; University of São Paulo, São Carlos, Brazil",2023 15th IEEE International Conference on Industry Applications (INDUSCON),"2 Jan 2024","2023","","","1523","1530","Industrial communication plays a crucial role in modern automation by enabling control, monitoring, quality assessment, maintenance, and integration of management systems in production and manufacturing processes. OPC UA has emerged as one of the most widely utilized protocols in recent years, as evidenced by its growing number of applications, and is considered to be one of the most promising protocols for the future. Given its significance, this work aims to provide an overview that characterizes the current state of the protocol. To accomplish this, a systematic review of 238 relevant studies was conducted to extract relevant data. The results obtained provide an up-to-date overview of the field, as well as identify several potential research directions, challenges, and opportunities for further research on OPC UA.","2572-1445","979-8-3503-1418-2","10.1109/INDUSCON58041.2023.10375053","University of Sao Paulo; ","https://ieeexplore.ieee.org/stamp/stamp.jsp?arnumber=10375053","Survey;OPC UA;Industrial Internet of Things;Internet of Things","Surveys;Protocols;Systematics;Wireless networks;System performance;Reliability engineering;Security","","7","","80","IEEE","2 Jan 2024","","","IEEE","IEEE Conferences"
"OPC UA Implementation for Industrial Automation - Part 1: Evaluating the Performance of PubSub Model","G. P. Reddy; Y. V. P. Kumar; Y. J. Reddy; S. R. Maddireddy; S. Prabhudesai; S. Deo","School of Electronics Engineering, VIT-AP University, Amaravati, Andhra Pradesh, INDIA; School of Electronics Engineering, VIT-AP University, Amaravati, Andhra Pradesh, INDIA; Instrumentation and Control Air Company Holdings Inc., Brooklyn, New York, USA; CDB-IoT Unit, Cognizant Technology Solutions, Hyderabad, Telangana, INDIA; CDB-IoT Unit, Cognizant Technology Solutions, Hyderabad, Telangana, INDIA; CDB-IoT Unit, Cognizant Technology Solutions, Hyderabad, Telangana, INDIA","2023 1st International Conference on Circuits, Power and Intelligent Systems (CCPIS)","27 Oct 2023","2023","","","1","6","OPC UA (Open Platform Communications Unified Architecture) is emerging as the leading technology for facilitating machine-to-machine (M2M) and machine-to-cloud (M2C) communications in the field of industrial automation. It provides a unified protocol that enables seamless data transfer from sensors to the cloud, making it a widely adopted standard. With the introduction of Part 14: Publisher and Subscriber (PubSub) to the OPC specification, M2M communication with a shared information model becomes possible, offering scalability and efficiency in data exchange between machines. In this view, this paper aims to evaluate the applicability of the newly introduced PubSub model for industrial communications. Specifically, this research focuses on analyzing the performance of the OPC UA stack using two different operating systems: Embedded Linux (open source) and VxWorks (proprietary RTOS). The performance metric utilized is the Round-trip time (RTT), which measures the time required for data to complete one closed loop. The experimental results show that OPC UA PubSub exhibits robust performance, indicating its suitability for real-time industrial use cases.","","979-8-3503-1576-9","10.1109/CCPIS59145.2023.10291862","","https://ieeexplore.ieee.org/stamp/stamp.jsp?arnumber=10291862","Industrial Automation;Machine-to-Machine (M2M) Communications;OPC UA (Open Platform Communications Unified Architecture);PubSub;Round-trip time (RTT)","Machine-to-machine communications;Automation;Protocols;Operating systems;Scalability;Real-time systems;Time measurement","","1","","24","IEEE","27 Oct 2023","","","IEEE","IEEE Conferences"
"Broker-Less OPC UA PubSub Communication Model Performance Analysis","A. Homay; C. Chrysoulas; T. Watt; M. Wollschlaege; M. de Sousa; L. Maglaras","Faculty of Computer Science, Technische Universität Dresden, Dresden, Germany; School of Computing, Engineering and the Built Environment, Edinburgh Napier University, Edinburgh, United Kingdom; School of Computing, Engineering and the Built Environment, Edinburgh Napier University, Edinburgh, United Kingdom; Faculty of Computer Science, Technische Universität Dresden, Dresden, Germany; Faculty of Engineering, University of Porto, Porto, Portugal; School of Computing, Engineering and the Built Environment, Edinburgh Napier University, Edinburgh, United Kingdom",2024 IEEE 30th International Conference on Telecommunications (ICT),"30 Jul 2024","2024","","","1","5","The advent of Industrial Internet of Things (IIoT) has accelerated the adoption of OPC UA (Object Linking and Embedding for Process Control Unified Architecture) PubSub communication models, enabling efficient data exchange in industrial automation systems. This study delves into the performance analysis of a broker-less OPC UA PubSub communication model, a paradigm gaining prominence for its potential to streamline communication in distributed systems. Our methodology involves the establishment of a representative test environment, configuration of OPC UA PubSub components without an intermediary broker, and the design of diverse test scenarios. The results of this performance analysis not only reveal the inherent capabilities of the broker-less OPC UA PubSub communication model but also identify potential bottlenecks and areas for optimization. This research advances our understanding of broker-less OPC UA PubSub communication models, offering empirical evidence of their performance in diverse scenarios.","2993-1916","979-8-3503-5669-4","10.1109/ICT62760.2024.10606025","","https://ieeexplore.ieee.org/stamp/stamp.jsp?arnumber=10606025","IIoT;OPC-UA;PubSub Communication model;Trip Time","Analytical models;Protocols;Data models;Time measurement;Real-time systems;Performance analysis;Telecommunications","","","","14","IEEE","30 Jul 2024","","","IEEE","IEEE Conferences"
"Design and Implementation of an OPC UA-Based Cloud System for the Management of Distributed Microgrid Networks","C. Lee; J. Im; H. -Y. Kwon; Y. I. Lee","Department of Electrical Engineering, Seoul National University of Science and Technology University, Seoul, Korea; Department of Data Science, Seoul National University of Science and Technology University, Seoul, Korea; Department of Data Science, Seoul National University of Science and Technology University, Seoul, Korea; Department of Electrical Engineering, Seoul National University of Science and Technology University, Seoul, Korea","2023 23rd International Conference on Control, Automation and Systems (ICCAS)","20 Nov 2023","2023","","","312","316","This paper presents an Open Platform Communications Unified Architecture (OPC UA)-based cloud system designed for managing distributed microgrid networks. The paper proposes a three-layer model specifically tailored to manage microgrids within cloud environments and defines an appropriate level of the information model for each layer. Moreover, the use of the JSON format for transmitting the OPC UA information model within the cloud environment is emphasized. A detailed diagram, tailored for a testbed at SeoulTech University, is illustrated to showcase the system's potential application in the context of distributed microgrids. This diagram is intended for future application to the testbed, demonstrating its practical utility in managing distributed microgrids. The discussion also encompasses the communication protocols necessary for each layer, offering a comprehensive understanding of the operational requirements of the proposed cloud system.","2642-3901","978-89-93215-27-4","10.23919/ICCAS59377.2023.10316840","National Research Foundation of Korea (NRF); Korea Institute for Advancement of Technology (KIAT)(grant numbers:NRF-2019R1A6A1A03032119,P0017189); ","https://ieeexplore.ieee.org/stamp/stamp.jsp?arnumber=10316840","Microgrid;Industrial 4.0;OPC UA;Interoperability;Semantic Energy Device;Energy Information Model;Cloud System","Protocols;Data handling;Microgrids;Data transfer;Control systems;Real-time systems;Security","","2","","10","","20 Nov 2023","","","IEEE","IEEE Conferences"
"A Novel OPC UA PubSub Protocol Binding Using MQTT for Sensor Networks (MQTT-SN)","M. Nast; H. Raddatz; F. Golatowski; C. Haubelt","University of Rostock, Institute of Applied Microelectronics and Computer Engineering, Rostock, Germany; University of Rostock, Institute of Applied Microelectronics and Computer Engineering, Rostock, Germany; University of Rostock, Institute of Applied Microelectronics and Computer Engineering, Rostock, Germany; University of Rostock, Institute of Applied Microelectronics and Computer Engineering, Rostock, Germany",2024 IEEE 29th International Conference on Emerging Technologies and Factory Automation (ETFA),"16 Oct 2024","2024","","","1","4","In this paper, we present the integration of MQTT for Sensor Networks (MQTT-SN) into OPC Unified Architecture (OPC UA) as a novel publish/subscribe (PubSub) protocol binding in order to enhance the industrial communication stack. By leveraging the lightweight MQTT-SN protocol, which is currently not considered in the architecture, we improve OPC UA's capability for high-frequency, low-latency messaging, which is essential for Industrial Internet of Things (IIoT) applications. We discuss related work and describe the design and implementation in detail. Our hybrid approach combines the rich data modeling and security capabilities of OPC UA with the communication efficiency of MQTT-SN, providing a scalable solution for real- time data management in industrial automation systems.","1946-0759","979-8-3503-6123-0","10.1109/ETFA61755.2024.10711055","","https://ieeexplore.ieee.org/stamp/stamp.jsp?arnumber=10711055","Publish/Subscribe;OPC UA;MQTT-SN","Protocols;Industrial communication;Real-time systems;Data models;Security;Low latency communication;Manufacturing automation;Industrial Internet of Things","","5","","11","IEEE","16 Oct 2024","","","IEEE","IEEE Conferences"
"Experimental Platform for Testing Open Process Automation Technologies Based on OPC UA and IEC 61499","E. T. G. Ramos; A. P. V. D. A. Aguiar; G. Acioli Júnior; P. Rezende Barros; M. Lopes de Lima","Electrical Engineering Department, Federal University of Campina Grande, Campina Grande, Brazil; Electrical Engineering Department, Federal University of Campina Grande, Campina Grande, Brazil; Electrical Engineering Department, Federal University of Campina Grande, Campina Grande, Brazil; Electrical Engineering Department, Federal University of Campina Grande, Campina Grande, Brazil; CENPES/Petrobras, Rio de Janeiro, Brazil",2024 Symposium on Internet of Things (SIoT),"12 Dec 2024","2024","1","","1","5","This paper presents a process control system platform for testing Open Process Automation technologies and Industrial Internet of Things attributes. The platform comprises a temperature process and two controllers running a distributed IEC 61499 function blocks application. The OPC UA protocol is used for the data exchange between the devices, with the definition of an information model. A test was performed by connecting an external client to the platform to monitor and control the process variables. By combining the IEC 61499 distributed control applications with the OPC UA protocol, the setup is used to assess the attributes of interoperability, modularity and application portability.","","979-8-3315-0746-6","10.1109/SIoT63830.2024.10780765","","https://ieeexplore.ieee.org/stamp/stamp.jsp?arnumber=10780765","Industrial automation;Open Process Automation;IIoT;OPC UA;IEC 61499","Performance evaluation;Temperature sensors;Temperature measurement;Automation;Protocols;Process control;Temperature control;IEC Standards;Standards;Testing","","","","15","IEEE","12 Dec 2024","","","IEEE","IEEE Conferences"
"Research on Data Acquisition and Remote Monitoring System Based on Digital Twin and OPC UA Technology","Z. Wang; W. Zhao; Z. Zhang; Y. Zhang","Tianjin Key Laboratory of High Speed Cutting and Precision Processing, Tianjin, China; Tianjin Key Laboratory of High Speed Cutting and Precision Processing, Tianjin, China; Tianjin Key Laboratory of High Speed Cutting and Precision Processing, Tianjin, China; Tianjin Key Laboratory of High Speed Cutting and Precision Processing, Tianjin, China",2023 3rd International Conference on Digital Society and Intelligent Systems (DSInS),"11 Mar 2024","2023","","","304","309","Addressing the challenges of inconsistent communication protocols of underlying manufacturing equipment, difficulty in data collection integration, and low degree of remote real-time visualization monitoring in the production process of intelligent manufacturing lines, a data collection and remote monitoring system based on digital twin technology and OPC UA technology is being researched. Based on the twin model of the intelligent manufacturing line and the OPC UA client-server architecture, the overall framework of the data collection system and remote monitoring system is designed; the key technologies for implementing this system are researched, namely, multi-dimensional modeling technology oriented to digital twins, data collection technology based on OPC UA, and remote monitoring technology with two and three-dimensional collaborative representation. Based on these technologies, the virtual-real mapping of the physical production line and the virtual model within the digital twin platform is realized, completing the data collection and cloud storage of each manufacturing equipment in the production line and the remote monitoring of the two-dimensional visualization panel and three-dimensional model collaborative representation in the virtual environment.","","979-8-3503-3138-7","10.1109/DSInS60115.2023.10455202","","https://ieeexplore.ieee.org/stamp/stamp.jsp?arnumber=10455202","Digital Twin;OPC UA;Digital twin;Data Acquisition;Remote Monitoring","Solid modeling;Two-dimensional displays;Data visualization;Collaboration;Production;Data collection;Data models","","1","","15","IEEE","11 Mar 2024","","","IEEE","IEEE Conferences"
"Implement of Data Communication in Smart Factory with OPC-UA Architecture","Y. You; X. Ren; J. Li; K. Li","NA; NA; Hubei University of Technology, Wuhan, China; Hubei University of Technology, Wuhan, China","2023 5th International Conference on Electronics and Communication, Network and Computer Technology (ECNCT)","17 Oct 2023","2023","","","64","70","In response to the increasing demand for information collection and data communication in automated control devices in an intelligent manufacturing factory, this paper proposes an OPC UA-based intelligent communication method for factory automation and discusses its communication principles and network architecture in detail. This paper also explores the integration of OPC UA with devices such as industrial robot ROS systems and sensor-embedded systems and introduces a Python-based data communication program design method. Ultimately, this paper successfully develops an MES robot monitoring module based on the OPC UA architecture and conducts a case study. The practical application results show that OPC UA-based data communication technology has high versatility and compatibility, and can effectively achieve data integration and unified management of intelligent workshop equipment information. This technology has broad application prospects and promotional value, providing a useful reference for the information construction of intelligent manufacturing factories.","","979-8-3503-2866-0","10.1109/ECNCT59757.2023.10280883","","https://ieeexplore.ieee.org/stamp/stamp.jsp?arnumber=10280883","Data Communication Architecture;Smart Factory;OPC UA;Service-oriented Architecture","Java;Conferences;Computer architecture;Information processing;Robot sensing systems;Industrial robots;Production facilities","","","","12","IEEE","17 Oct 2023","","","IEEE","IEEE Conferences"
"Application of AutomationML/OPC UA in Robot Interoperability","S. Chang; H. Zhang","Software Engineering Institute, Shenyang University of Technology, Shenyang, China; Software Engineering Institute, Shenyang University of Technology, Shenyang, China",2024 5th International Conference on Artificial Intelligence and Computer Engineering (ICAICE),"6 Feb 2025","2024","","","932","937","This paper focuses on the application of AutomationML (AML) and Open Platform Communications Unified Architecture (OPC UA) in robot interoperability, aiming to promote the intelligence and interoperability of production systems in the era of Industry 4.0. By analyzing the current challenges of industrial robot interoperability, especially in terms of data standardization, a robot system architecture is proposed to improve the compatibility and information exchange efficiency between different types of robots. Research methods include system architecture design, integration of AML and OPCUA methods, and their empirical application in real-world manufacturing environments. The results confirm the feasibility and practicability of the method in the application of industrial robots, and give different devices higher interoperability and flexible response ability. It provides a theoretical basis and practical guidance for the development of intelligent manufacturing systems in the future, and has important practical significance and application value in improving the level of industrial digitalization and intelligence.","","979-8-3315-2891-1","10.1109/ICAICE63571.2024.10864048","National Key research and Development Program of China(grant numbers:2022YFB3303902); ","https://ieeexplore.ieee.org/stamp/stamp.jsp?arnumber=10864048","AML;robots;interoperability;OPC UA;data exchange","Systematics;Service robots;Computational modeling;Systems architecture;Standardization;Industrial robots;Data models;Servers;Interoperability;Testing","","","","10","IEEE","6 Feb 2025","","","IEEE","IEEE Conferences"
"Ontology Mapping-Based Semantic Reasoning with OPC UA for Heterogeneous Industrial Devices","J. Bi; R. Wu; H. Yuan; Z. Wang; J. Zhang; M. Zhou","College of Computer, Beijing University of Technology, Beijing, China; College of Computer, Beijing University of Technology, Beijing, China; School of Automation Science and Electrical Engineering, Beihang University, Beijing, China; College of Computer, Beijing University of Technology, Beijing, China; Dept. of Computer Science in Lyle School of Engineering, Southern Methodist University, Dallas, TX, USA; Dept. of Electrical and Computer Engineering, New Jersey Institute of Technology, Newark, NJ, USA","2024 IEEE International Conference on Systems, Man, and Cybernetics (SMC)","20 Jan 2025","2024","","","4674","4679","The advent of smart manufacturing in Industry 4.0 signifies the arrival of the era of connections. As an excellent communication protocol, Object linking and embedding for Process Control Unified Architecture (OPC UA) can address most semantic heterogeneity issues. However, its semantics are not formally defined at the application layer. To address the information silo problem caused by semantic heterogeneity, a method named Querying of Ontology Mapping-based OPC UA (QOMOU) is proposed. It extracts the information models of OPC UA servers into resource description framework triples, utilizes web ontology language for semantic enrichment and inference, and employs a semantic similarity model for event ontology mapping to improve query efficiency. The method's effectiveness is validated through functional queries using the SPARQL protocol in Apache Jena. The query efficiency is 5% higher on average compared to both structured query and extensible markup languages. Moreover, by employing a keyword-matching algorithm, the query accuracy of the existing heterogeneous data integration scheme is improved by 4% on average. This enhancement can boost the operational efficiency of Internet of Things systems based on the OPC UA architecture.","","978-1-6654-1020-5","10.1109/SMC54092.2024.10831352","Beijing Natural Science Foundation(grant numbers:L233005,4232049); National Natural Science Foundation of China(grant numbers:62173013,62073005); ","https://ieeexplore.ieee.org/stamp/stamp.jsp?arnumber=10831352","OPC UA;ontology;syntactic interoperability;semantic similarity;semantic heterogeneity","Accuracy;Protocols;Semantics;OWL;XML;Process control;Ontologies;Production facilities;Fourth Industrial Revolution;Servers","","","","20","IEEE","20 Jan 2025","","","IEEE","IEEE Conferences"
"Extending the OPC UA Companion Specification for an IEC 61499-based Control System","M. Majumder; B. Wiesmayr; A. Zoitl","LIT CPS Lab, Johannes Kepler University Linz, Linz, Austria; LIT CPS Lab, Johannes Kepler University Linz, Linz, Austria; CDL VaSiCS, LIT CPS Lab, Johannes Kepler University Linz, Linz, Austria",2023 IEEE 28th International Conference on Emerging Technologies and Factory Automation (ETFA),"12 Oct 2023","2023","","","1","4","The IEC 61499-based distributed control model is gradually gaining popularity among the stakeholders involved in the field of cyber-physical production systems. Integration of IEC 61499 with the Open Platform Communication Unified Architecture (OPC UA) will ease the effort required for horizontal as well as vertical integration of distributed control applications. In our previous work, we mapped the function block model and the application model of the IEC 61499 standard to OPC UA. This work-in-progress paper is intended to be an extension of our previous work that demonstrates the mapping of the resource, device, and the system model to OPC UA.","1946-0759","979-8-3503-3991-8","10.1109/ETFA54631.2023.10275677","","https://ieeexplore.ieee.org/stamp/stamp.jsp?arnumber=10275677","Companion specification;IEC 61499;OPC UA","Adaptation models;Production systems;Decentralized control;Semantics;Stakeholders;IEC Standards;Standards","","4","","17","IEEE","12 Oct 2023","","","IEEE","IEEE Conferences"
"LoRaWAN Sensors Integration for Manufacturing Applications via Edge Device Model with OPC UA","P. Peniak; P. Holečko; E. Bubeníková; A. Kanáliková","Department of Control and Information Systems, Faculty of Electrical Engineering Engineering and Information Technology, University of Žilina Žilina, Slovak Republic; Department of Control and Information Systems, Faculty of Electrical Engineering Engineering and Information Technology, University of Žilina Žilina, Slovak Republic; Department of Control and Information Systems, Faculty of Electrical Engineering Engineering and Information Technology, University of Žilina Žilina, Slovak Republic; Department of Control and Information Systems, Faculty of Electrical Engineering and Information Technology, University of Žilina, Žilina, Slovak Republic",2023 International Conference on Applied Electronics (AE),"12 Oct 2023","2023","","","1","6","The article deals with the integration of Lo(ng) Ra(nge) Wide Area Network (LoRaWAN) sensors with generic manufacturing applications and Industrial Internet of Things (IIoT) use-cases. The focus is on creating a suitable Edge device model that enables the integration of specific Long Range (LoRa) sensors together with the other generic Internet of Things (IoT/IIoT). The model is based on the Open Platform Communications Unified Architecture (OPC UA) standard, which is the most suitable integration platform for various control systems and manufacturing applications. The model was implemented in Node-RED software and subsequently validated to confirm the required integration of LoRaWAN sensors within OPC UA models. In contrast to other approaches based on integration gateway or LoRaWAN/OPC UA protocol convertors, the proposed model utilizes extended capabilities of Edge computing. It enables Edge processing and data transformation of LoRaWAN sensors data transferred by Message Queuing Telemetry Transport (MQTT) protocol from the network server, based on requirements of manufacturing applications for cloud solutions.","1805-9597","979-8-3503-3554-5","10.1109/AE58099.2023.10274274","","https://ieeexplore.ieee.org/stamp/stamp.jsp?arnumber=10274274","Edge;LoRa;LoRaWAN;OPC UA;Node-RED;manufacturing applications","Wide area networks;Network servers;Protocols;Computational modeling;Software;Sensors;Manufacturing","","2","","23","IEEE","12 Oct 2023","","","IEEE","IEEE Conferences"
"Distributed System with OPC UA and Industrial Internet for IEC 61499 Function Blocks","R. P. Rech; A. B. Leal; J. Kniess","Programa de Pós-Graduação em Engenharia Elétrica, Universidade do Estado de Santa Catarina (UDESC), Joinville, Brasil; Programa de Pós-Graduação em Engenharia Elétrica, Universidade do Estado de Santa Catarina (UDESC), Joinville, Brasil; Programa de Pós-Graduação em Engenharia Elétrica, Universidade do Estado de Santa Catarina (UDESC), Joinville, Brasil",2023 15th IEEE International Conference on Industry Applications (INDUSCON),"2 Jan 2024","2023","","","1468","1473","This paper presents as a contribution an Industrial Internet system that enables the distributed execution of assembly and counting of industrial parts, using Function Blocks of Standard IEC 61499, which normally occurs in a centralized way. The Function Blocks run on microcontrollers that communicate via the OPC UA (Open Platform Communications Unified Architecture) protocol with the Factory I/O, a 3D factory simulation software, which operates on an end device. Experiments were carried out to measure the latency obtained with the OPC UA and the results confirm that the solution does not add delays that affect the application's operation.","2572-1445","979-8-3503-1418-2","10.1109/INDUSCON58041.2023.10374628","Fundação de Amparo à Pesquisa e Inovação do Estado de Santa Catarina(grant numbers:2023TR000333); ","https://ieeexplore.ieee.org/stamp/stamp.jsp?arnumber=10374628","Industrial Internet;distributed system;OPC UA;Function Blocks;IEC 61499","Three-dimensional displays;Protocols;Microcontrollers;Industry applications;Production facilities;Software;Internet","","1","","0","IEEE","2 Jan 2024","","","IEEE","IEEE Conferences"
"Mapping of OPC UA FX to the Asset Administration Shell and Capability, Skill and Service Model","K. Justmann; L. Leurs; M. Ruskowski","Bosch Rexroth AG, Erbach, Germany; Bosch Rexroth AG, Lohr am Main, Germany; RPTU Kaiserslautern, Kaiserslautern, Germany",2024 IEEE 29th International Conference on Emerging Technologies and Factory Automation (ETFA),"16 Oct 2024","2024","","","1","4","The current research trends in the field of manufacturing process optimization tackle the question of how to realize manufacturer-independent flexible manufacturing through the standardization of various technologies. Through the combination of Open Platform Communication Unified Architecture Field eXchange (OPC UA FX), the Asset Administration Shell (AAS) and the Capability, Skill, and Service model (CSS model) an automated reconfiguration of real-time capable communication in an industrial environment can be achieved. This paper presents an approach for the first steps of implementation of this concept. First the requirements are discussed which are needed to enable the concept. Then possible AAS submodels that fulfill these requirements are presented. Based on this discussion an example using a linear axis with a movement functionality is modelled in the AAS using the Asset Interface Description (AID) submodel and in the OPC UA information model for evaluation of the approach. Enabling an on-the-fly reconfiguration of real-time capable communication allows for optimization and faster reaction to changes in production demands.","1946-0759","979-8-3503-6123-0","10.1109/ETFA61755.2024.10710837","","https://ieeexplore.ieee.org/stamp/stamp.jsp?arnumber=10710837","Asset Administration Shell;OPC UA Field eXchange;Skill-based","Manufacturing processes;Standardization;Production;Market research;Real-time systems;Manufacturing;Optimization;Manufacturing automation","","1","","16","IEEE","16 Oct 2024","","","IEEE","IEEE Conferences"
"Automatic Information Model Generation for Industrial Edge Applications Based on IEC 61499 and OPC UA","W. Dai; Y. Zhang; Y. Zhang; J. Kang; D. Huang","Shanghai Jiao Tong University, Shanghai, China; Shanghai Jiao Tong University, Shanghai, China; Shanghai Jiao Tong University, Shanghai, China; Shanghai Jiao Tong University, Shanghai, China; Shanghai Jiao Tong University, Shanghai, China",IEEE Transactions on Industrial Informatics,"24 Mar 2023","2023","19","4","6093","6104","The Industry 4.0 and Industrial Internet provides vertical and horizontal integration between edge devices and industrial cloud platforms. A flexible and interoperable information model is crucial for enabling device-level intelligence as well as cloud-edge collaboration. Deep integration between the control and information model is necessary for supporting closed-loop optimization between the cloud and edge devices. This article proposes an automatic information model generation method based on the IEC 61499 and OPC unified architecture standards. Model transformation rules between two models from design time to runtime are presented. A discrete manufacturing case study is used to prove that the proposed method can significantly reduce the development time for distributed information models. The integrated control and information models at runtime can provide strong support for dynamic reconfiguration to address changing requirements.","1941-0050","","10.1109/TII.2022.3191365","National R&D Key Program of China(grant numbers:2017YFA0700602); National Natural Science Foundation of China(grant numbers:61973216,62122048); ","https://ieeexplore.ieee.org/stamp/stamp.jsp?arnumber=9832496","Automatic model generation;IEC 61499;industrial edge computing;information modeling;OPC unified architecture (UA)","IEC Standards;Unified modeling language;Object oriented modeling;Standards;Data models;Adaptation models;Protocols","","8","","35","IEEE","18 Jul 2022","","","IEEE","IEEE Journals"
"OPC UA Implementation for Industrial Automation - Part 2: Integrating PubSub Model with TSN","G. P. Reddy; Y. V. P. Kumar; Y. J. Reddy; S. R. Maddireddy; S. Prabhudesai; C. P. Reddy","School of Electronics Engineering VIT-AP University, Amaravati, Andhra Pradesh, INDIA; School of Electronics Engineering VIT-AP University, Amaravati, Andhra Pradesh, INDIA; Instrumentation and Control Air Company Holdings Inc., Brooklyn, New York, USA; CDB-IoT Unit Cognizant Technology Solutions, Hyderabad, Telangana, INDIA; CDB-IoT Unit Cognizant Technology Solutions, Hyderabad, Telangana, INDIA; Computer Science and Engineering VIT-AP University, Amaravati, Andhra Pradesh, INDIA","2023 1st International Conference on Circuits, Power and Intelligent Systems (CCPIS)","27 Oct 2023","2023","","","1","6","The advent of Industry 4.0 has brought out a new era of automation, highlighting the importance of seamless integration and interoperability across diverse systems in industrial environments. To facilitate efficient and secure data exchange, the OPC UA (Open Platform Communications Unified Architecture) has emerged as a standardized communication framework in industrial automation. However, the traditional Ethernet-based infrastructure utilized for OPC UA cannot meet the stringent real-time requirements of time-critical applications. In industries relying on motion control applications like robotics or automated manufacturing, fast machine-to-machine communication is crucial. These applications demand precise and rapid data exchange to ensure the smooth and coordinated movement of machines. To address this challenge, it is crucial to assess the performance of the newly introduced Time-Sensitive Networking (TSN) implementation and verify its ability to meet the requirements for critical industry applications. In this view, this paper implements OPC UA by integrating the OPC UA PubSub (Publisher-Subscriber) model with TSN. TSN represents a set of standards developed to enable deterministic and low-latency communication over Ethernet networks. Experimental results provide clear evidence that the combination of OPC UA with TSN improves performance, making it well-suited for demanding real-time applications.","","979-8-3503-1576-9","10.1109/CCPIS59145.2023.10291682","","https://ieeexplore.ieee.org/stamp/stamp.jsp?arnumber=10291682","Industrial automation;Industry 4.0;Interoperability;Open platform communications unified architecture (OPC UA);Publisher-Subscriber (PubSub);Time-Sensitive Networking (TSN)","Motor drives;Service robots;Publishing;Robot kinematics;Real-time systems;Robustness;Fourth Industrial Revolution","","1","","23","IEEE","27 Oct 2023","","","IEEE","IEEE Conferences"
"On the integration of OPC UA over Wired – Wireless Time Sensitive Networking","Ó. Seijo; R. Torrego; I. Val","Ikerlan Technology Research Centre, Basque Research and Technology Alliance (BRTA), Arrasate, Spain; Ikerlan Technology Research Centre, Basque Research and Technology Alliance (BRTA), Arrasate, Spain; Max Linear Incorporated, Carlsbad, United States",2023 IFIP Networking Conference (IFIP Networking),"24 Jul 2023","2023","","","1","6","This paper deals with the integration of OPC UA over Wireless / Wired (Hybrid) Networks with Time Sensitive Networking (TSN) capabilities. We propose a HW/SW device architecture, based on the SHARP platform, to enable the integration of OPC UA and Hybrid TSN. The integration includes both the OPC UA Client/Server and PubSub mechanism. Based on the device architecture, we built a HW testbed that integrated Hybrid TSN and OPC UA to assess its performance. The results demonstrate that the network can provide seamless application interoperability and that can satisfy the traffic needs in a typical industrial setup. However, the paper also highlights that there is still significant research to be done to achieve deep integration between OPC UA and Hybrid TSN.","1861-2288","978-3-903176-57-7","10.23919/IFIPNetworking57963.2023.10186415","MINECO; European Union(grant numbers:TSI-063000-2021-145/148/149); ","https://ieeexplore.ieee.org/stamp/stamp.jsp?arnumber=10186415","OPC UA;DDS;middleware protocols;Wireless TSN;TSN;802.11;time synchronization;industrial communications","Wireless communication;Performance evaluation;Wireless sensor networks;Protocols;Linux;Quality of service;Traffic control","","","","25","","24 Jul 2023","","","IEEE","IEEE Conferences"
"Development and Use of OPC UA Tools for Data Collection and Monitoring of Technological Equipment","G. Martinov; A. Al Khoury; A. Issa","Department of Computer-Architecture Control Systems, Moscow State University of Technology ""STANKIN"", Moscow, Russia; Department of Computer-Architecture Control Systems, Moscow State University of Technology ""STANKIN"", Moscow, Russia; Department of Computer-Architecture Control Systems, Moscow State University of Technology ""STANKIN"", Moscow, Russia",2023 International Russian Smart Industry Conference (SmartIndustryCon),"1 May 2023","2023","","","346","351","The aim of this research is to develop a specialized system for collecting and storing CNC machines data considering the possibilities of innovative technologies of OPC UA protocol, in this work an OPC UA information model was proposed and realized in OPC UA server which reflects the logical structure of a CNC machine. This research will present a collecting data method from the digital shadow of CNC system where a complete set of parameters hierarchically structured and transmit the whole set of these parameters through the OPC UA server to production data collection cloud for performing subsequent analyzing, forecasting the state of technological equipment and performing simulation procedures.","","978-1-6654-6429-1","10.1109/SmartIndustryCon57312.2023.10110757","Ministry of Science and Higher Education of the Russian Federation; Ministry of Higher Education; ","https://ieeexplore.ieee.org/stamp/stamp.jsp?arnumber=10110757","CNC;CNC machine tool digital shadow;OPC UA server- client;MDC system","Cloud computing;Protocols;Production;Predictive models;Data collection;Data models;Machine tools","","3","","25","IEEE","1 May 2023","","","IEEE","IEEE Conferences"
"Adopting OPC UA for Efficient and Secure Firmware Transmission in Industry 4.0 Scenarios","F. Biondani; D. S. Cheng; F. Fummi","Department of Computer Science, University of Verona, Verona, Italy; Department of Engineering IM, University of Verona, Verona, Italy; Department of Engineering IM, University of Verona, Verona, Italy",2024 IEEE 33rd International Symposium on Industrial Electronics (ISIE),"19 Jul 2024","2024","","","1","6","In the realm of Industry 4.0, the Open Platform Communications Unified Architecture (OPC UA) enables secure and efficient communication among diverse industrial machines. This paper explores the potential of OPC UA, specifically its File Transfer mechanism, for secure inter-company firmware transmission: in particular, we implement a design that authorizes an Automatic Test Equipment (ATE) to download a firmware from a remote server for On-Board Programming (OBP). Our approach harnesses the inherent strengths of the protocol — robust data integrity, encryption, and authentication — to achieve a “secure by design” solution. This enhances firmware transmission and introduces a valuable use case for the OPC UA community, particularly those exploring File Transfer capabilities. We implemented our solution with the open-source OPC UA-.NETStandard library and evaluated it with the OPC UA Exploitation Framework to identify and address potential vulnerabilities. This paper showcases the real-world effectiveness and scalability of the OPC UA File Transfer mechanism, paving the way for secure and efficient collaboration in Industry 4.0.","2163-5145","979-8-3503-9408-5","10.1109/ISIE54533.2024.10595820","European Commission; ","https://ieeexplore.ieee.org/stamp/stamp.jsp?arnumber=10595820","OPC UA;File Transfer;Industry 4.0","Protocols;Scalability;Libraries;Robustness;Fourth Industrial Revolution;Time factors;Servers","","4","","23","IEEE","19 Jul 2024","","","IEEE","IEEE Conferences"
"A Proposal for OPC UA Companion Specification for IEC 61499 Based Control Application","M. Majumder; A. Zoitl",CDL VaSiCS; CDL VaSiCS,2023 IEEE 19th International Conference on Factory Communication Systems (WFCS),"7 Jun 2023","2023","","","1","8","The introduction of emerging technologies like the Internet of Things (IoT), Artificial Intelligence (AI), and Cloud computing have radically evolved the software architecture of the industrial automation domain. Future automation and control software systems require a flexible and open architecture. The IEC 61499 standard-based programming paradigm, due to its flexible and modular structure, is considered a potential tool for developing future automation systems. Therefore, integrating IEC 61499 standard with the Open Platform Communication Unified Architecture (OPC UA) could be beneficial as it will increase the applicability of the standard. However, no formal mapping between the IEC 61499 models and the OPC UA information model is defined by the OPC Foundation for now. Therefore, in this paper, a conceptual mapping between the models of these two standards is provided. The goal of this work is to develop an OPC UA companion specification for the IEC 61499.","2835-8414","978-1-6654-6432-1","10.1109/WFCS57264.2023.10144247","","https://ieeexplore.ieee.org/stamp/stamp.jsp?arnumber=10144247","Communication;Function Blocks;IEC 61499;Information Model;OPC UA","Automation;Software architecture;Computer architecture;Software systems;Proposals;Internet of Things;IEC Standards","","4","","19","IEEE","7 Jun 2023","","","IEEE","IEEE Conferences"
"Evaluation of Hardware-in-the-Loop-based Converter/Inverter Digital Twins for Microgrids Using the OPC Unified Architecture Platform","C. Lee; N. -D. Nguyen; D. Lee; Y. I. Lee","Department of Electrical Engineering, the Seoul National University of Science and Technology University, Seoul, Korea; Department of Electrical Engineering, the Seoul National University of Science and Technology University, Seoul, Korea; Department of Electrical Engineering, the Seoul National University of Science and Technology University, Seoul, Korea; Department of Electrical Engineering, the Seoul National University of Science and Technology University, Seoul, Korea","2024 24th International Conference on Control, Automation and Systems (ICCAS)","9 Dec 2024","2024","","","360","364","This paper compares the average output error rates of the information models of converters/inverters based on actual microgrid equipment with those designed using Hardware-in-the-Loop (HIL). The microgrid environment implemented at the Mirae building of Seoul National University of Science and Technology was virtually designed using HIL, and Open Platform Community Unified Architecture (OPC UA) information models were employed to digitalize the converters/inverters of each microgrid as virtual assets. The microgrid environment designed in HIL equipment consists of three batteries, three converters, two inverters, a photovoltaic (PV) system, and the Mirae building load including three EV chargers. To verify the similarity between the actual and simulated microgrid, a scenario was executed where the batteries were charged and discharged at 20 kW, 0 kW, and -20 kW in 10-minute intervals. The average error rates of the output power of the converters/inverters information models implemented via OPC UA ranged from a minimum of 0.38% to a maximum of 9.60%. Consequently, it was verified that the Mirae building digital twin, designed based on HIL and OPC UA, can operate similarly to the actual environment, ensuring an average error rate below 9.60%.","2642-3901","978-89-93215-38-0","10.23919/ICCAS63016.2024.10773127","National Research Foundation of Korea; Ministry of Education; Korea Institute for Advancement of Technology; ","https://ieeexplore.ieee.org/stamp/stamp.jsp?arnumber=10773127","Microgrids;Interoperability;Open Platform Communication Unified Architecture;Digital Twin;Information Model","Photovoltaic systems;Error analysis;Architecture;Buildings;Microgrids;Control systems;Inverters;Digital twins;Batteries;Load modeling","","","","8","","9 Dec 2024","","","IEEE","IEEE Conferences"
"ML-Based Synthetic OPC UA Traffic Generation for Covert Channel Transmission","R. Yatagha; E. Kirdan; K. Waedt; C. Ruland","Framatome, Erlangen, Germany; Framatome, Erlangen, Germany; Framatome, Erlangen, Germany; University of Siegen, Siegen, Germany",2024 International Conference on Electrical and Computer Engineering Researches (ICECER),"18 Mar 2025","2024","","","1","6","This paper presents a novel approach for generating synthetic OPC UA traffic using a hybrid model that combines Variational Autoencoders (VAE) and Long Short-Term Memory (LSTM) networks to address the cybersecurity challenges in industrial automation systems. The Open Platform Communications Unified Architecture (OPC UA) is widely adopted for its versatility and secure data exchange capabilities across various sectors. However, the sensitive nature of OPC UA data traffic presents significant challenges in cybersecurity, particularly concerning covert channel attacks. These attacks exploit legitimate communication protocols to stealthily transmit information, leading to potential data breaches and unauthorized access. By creating realistic, privacy-preserving synthetic data, the model facilitates the analysis and detection of covert channel attacks—stealthy methods used to transmit unauthorized information through legitimate communication protocols. This approach not only provides a valuable dataset for researchers but also supports the development and evaluation of robust mitigation strategies without the need for sensitive real-world data. Demonstrating the model's effectiveness through the successful embedding of covert messages, this work paves the way for enhanced security measures in OPC UA networks and contributes significantly to the field of industrial cybersecurity.","","979-8-3315-3973-3","10.1109/ICECER62944.2024.10920404","","https://ieeexplore.ieee.org/stamp/stamp.jsp?arnumber=10920404","synthetic packet generation;OPC UA;generative network","Protocols;Prevention and mitigation;Industrial control;Computer architecture;Data breach;Hybrid power systems;Data models;Computer security;Long short term memory;Synthetic data","","","","41","IEEE","18 Mar 2025","","","IEEE","IEEE Conferences"
"Performance Evaluation of OPC UA and MQTT for ETAT Smart Lab (ESL)","N. Putpuek; A. Putpuek; S. Phawandee","Department of Information Technology, Faculty of Science and Technology, Rajabhat Rajanagarindra University, Chachoengsao, Thailand; Department of Information Technology, Faculty of Science and Technology, Rajabhat Rajanagarindra University, Chachoengsao, Thailand; Department of Information Technology, Faculty of Science and Technology, Rajabhat Rajanagarindra University, Chachoengsao, Thailand",2023 7th International Conference on Information Technology (InCIT),"30 Jan 2024","2023","","","17","21","The Eastern Economic Corridor (EEC) serves as a key and central strategic initiative within the broader Thailand 4.0 framework. The ETAT project aims to establish dedicated engineering education and training centers for participating universities, providing essential support and skills development opportunities for engineers and young professionals. As one of the project partners, Rajabhat Rajanagarindra University (RRU) has undertaken the development of the ETAT Smart Lab to design a smart agricultural system that incorporates the Internet of Things (IoT), programmable logic controllers (PLCs), and Raspberry Pi. In this study, we focus on the ETAT Smartlab environment, specifically on the task of transferring data from RS-485 Modbus sensors to the PLCnext platform using both OPC UA and MQTT protocols. Our method for evaluating performance in this context focuses on measuring the time stamp differences between the source and destination endpoints. The research shows that the OPC UA protocol provides superior performance for transmitting sensor data to ETAT Smart Lab.","","979-8-3503-5869-8","10.1109/InCIT60207.2023.10413160","Erasmus; ","https://ieeexplore.ieee.org/stamp/stamp.jsp?arnumber=10413160","OPC UA;MQTT;Smart Lab;Internet of Things (IoT);Performance evaluation","Training;Protocols;Time measurement;Sensor systems;Internet of Things;Task analysis;Intelligent sensors","","2","","11","IEEE","30 Jan 2024","","","IEEE","IEEE Conferences"
"Smart Manufacturing Integration of Heterogeneous Information Systems via OPC UA. A Case Study","P. Vasilev; A. Boneva; V. Ivanova; T. Tsvetanov","Department of Industrial Automation, University of Chemical Technology and Metallurgy, Sofia, Bulgaria; Department of Communication and Computer Systems, Institute of Information and Communication Technologies, Bulgarian Academy of Sciences, Sofia, Bulgaria; Department of Robotized and Mechatronics Intelligent Systems, Institute of Robotics, Bulgaria Academy of Sciences, Sofia, Bulgaria; Department of Industrial Automation, University of Chemical Technology and Metallurgy, Sofia, Bulgaria",2024 International Conference Automatics and Informatics (ICAI),"28 Jan 2025","2024","","","466","471","Modern automation, digitalization, virtualization, and intelligent production impose new criteria and approaches to process management. The operation and performance of any system and device depend on how it is managed. The article describes Smart Manufacturing Integration of Heterogeneous Information Systems via OPC UA. The main goal is the development of heterogeneous information systems with real applications, with which reliable and up-to-date information can be exchanged between systems of different hierarchical levels. The goal was achieved with the following steps i) building the research infrastructure ii) analyzing the information compatibility and challenges in integrating systems from different hierarchical levels, and iii) implementing the integration by means of the OPC-UA standard communication protocol. The setup has been tested under laboratory conditions. The obtained results are shown.","","979-8-3503-5390-7","10.1109/ICAI63388.2024.10851542","","https://ieeexplore.ieee.org/stamp/stamp.jsp?arnumber=10851542","System Integration;Smart Manufacturing;Industry 4.0;OPC UA;MES/MOM;SCADA","Performance evaluation;Protocols;Automation;Process control;Production;Topology;Reliability;Virtualization;Standards;Smart manufacturing","","","","25","IEEE","28 Jan 2025","","","IEEE","IEEE Conferences"
"Implementing OPC UA architecture using open62541","S. -T. Wang; C. -H. Chen","Master Program in Information Security, National Chengchi University, Taipei, Taiwan; Department of Avionics Engineering, ROC Air Force Academy, Kaohsiung, Taiwan",IET International Conference on Engineering Technologies and Applications (ICETA 2024),"27 Jan 2025","2024","2024","","148","149","In the field of industrial automation, the diversity of products and protocols poses significant challenges for system integration. OPC UA (Open Platform Communications Unified Architecture) is a standardized communication protocol that aims to unify and support interoperability among various systems and devices. This paper explores the applications and challenges of Open62541 in implementing OPC UA. It discusses the implementation of the server/client and publish/subscribe communication models within OPC UA. By comparing these communication models, this paper provides insights into their respective advantages and limitations. Ultimately, Open62541 offers a reliable and flexible solution for addressing system integration issues in industrial automation.","","978-1-83724-225-2","10.1049/icp.2024.4324","","https://ieeexplore.ieee.org/stamp/stamp.jsp?arnumber=10853331","","","","","","","","27 Jan 2025","","","IET","IET Conferences"
"A Mini Review on the utilization of Reinforcement Learning with OPC UA","S. Schindler; M. Uray; S. Huber","Josef Ressel Centre for Intelligent and Secure Industrial Automation, Salzburg University of Applied Sciences, Puch/Hallein, Austria; Josef Ressel Centre for Intelligent and Secure Industrial Automation, Salzburg University of Applied Sciences, Puch/Hallein, Austria; Josef Ressel Centre for Intelligent and Secure Industrial Automation, Salzburg University of Applied Sciences, Puch/Hallein, Austria",2023 IEEE 21st International Conference on Industrial Informatics (INDIN),"22 Aug 2023","2023","","","1","6","Reinforcement Learning (RL) is a powerful machine learning paradigm that has been applied in various fields such as robotics, natural language processing and game playing achieving state-of-the-art results. Targeted to solve sequential decision making problems, it is by design able to learn from experience and therefore adapt to changing dynamic environments. These capabilities make it a prime candidate for controlling and optimizing complex processes in industry. The key to fully exploiting this potential is the seamless integration of RL into existing industrial systems. The industrial communication standard Open Platform Communications Unified Architecture (OPC UA) could bridge this gap.However, since RL and OPC UA are from different fields, there is a need for researchers to bridge the gap between the two technologies. This work serves to bridge this gap by providing a brief technical overview of both technologies and carrying out a semi-exhaustive literature review to gain insights on how RL and OPC UA are applied in combination.With this survey, three main research topics have been identified, following the intersection of RL with OPC UA. The results of the literature review show that RL is a promising technology for the control and optimization of industrial processes, but does not yet have the necessary standardized interfaces to be deployed in real-world scenarios with reasonably low effort.","2378-363X","978-1-6654-9313-0","10.1109/INDIN51400.2023.10218289","","https://ieeexplore.ieee.org/stamp/stamp.jsp?arnumber=10218289","OPC UA;Reinforcement Learning;Survey","Bridges;Training;Surveys;Systematics;Service robots;Bibliographies;Process control","","","","31","IEEE","22 Aug 2023","","","IEEE","IEEE Conferences"
"Run-time Configuration of the IEC 61499-based PLC-Service Bus via OPC UA","M. Majumder; V. Ashiwal; A. Zoitl","LIT CPS Lab, Johannes Kepler University Linz, Linz, Austria; ABB Corporate Research Center Germany, Ladenburg, Germany; CDL VaSiCS, LIT CPS Lab, Johannes Kepler University Linz, Linz, Austria",2023 IEEE 28th International Conference on Emerging Technologies and Factory Automation (ETFA),"12 Oct 2023","2023","","","1","4","Modern industrial automation applications require a flexible and modular software architecture that can be easily adapted to meet dynamic market requirements. The IEC 61499-based programming model, due to its distributed and modular nature, could be a potential tool in this regard. In our previous works, we proposed the concept of a PLC-Service bus, a service-oriented architecture-based control application development paradigm for the Programmable Logic Controller (PLC). We have also demonstrated its applicability using the IEC 61499 modelling language. In this paper, we propose an OPC UA-based configuration approach for software components of the PLC-Service bus.","1946-0759","979-8-3503-3991-8","10.1109/ETFA54631.2023.10275697","","https://ieeexplore.ieee.org/stamp/stamp.jsp?arnumber=10275697","IEC 61499;Message-oriented middleware;OPC UA;PLC-Service bus","Adaptation models;Software architecture;Programmable logic devices;Programming;Software;Software reliability;Servers","","2","","21","IEEE","12 Oct 2023","","","IEEE","IEEE Conferences"
"Design and Implementation of Redundant Configuration of Communication Monitoring System Based on OPC UA","T. Honda; Y. Sugino; T. Hamaguchi","Nagoya Institute of Technology, Aichi, Japan; Graduate School of Architecture, Civil Engineering and Industrial Management Engineering, Nagoya Institute of Technology, Aichi, Japan; Nagoya Institute of Technology, Aichi, Japan",2024 SICE Festival with Annual Conference (SICE FES),"24 Dec 2024","2024","","","927","932","This paper tackles the growing issue of cyber-attacks on control systems, mainly through Advanced Persistent Threats (APTs), which are sophisticated, targeted attacks that can seriously damage systems. With control systems increasingly adopting the OPC UA for secure communication, introduces a new system designed to improve the availability of these control systems without compromising security.","","978-4-9077-6483-8","","","https://ieeexplore.ieee.org/stamp/stamp.jsp?arnumber=10805142","Redundancy;OPC UA;Encryption;Communication Monitoring;Availability","Control systems;Iron;Security;Monitoring;Cyberattack","","","","4","","24 Dec 2024","","","IEEE","IEEE Conferences"
"Documenting and Comparing OPC UA Information Models","S. Schöberl; B. Dorninger; A. Kern; V. Geist","Software Competence Center Hagenberg, Hagenberg, Austria; Software Competence Center Hagenberg, Hagenberg, Austria; ENGEL Austria, Schwertberg, Austria; Software Competence Center Hagenberg, Hagenberg, Austria",2023 IEEE 28th International Conference on Emerging Technologies and Factory Automation (ETFA),"12 Oct 2023","2023","","","1","8","Since its release as an IEC standard series, the OPC Unified Architecture (OPC UA) has become a widely adopted platform for both vertical and horizontal communications as well as data exchange in cyber-physical systems (CPS). A key benefit of OPC UA is its extensible object model, which offers the possibility to define custom information models, which may represent a specific production domain. As these generally represent interfaces for other applications, comprehensible documentation is an essential requirement in most cases.In this paper, we describe an approach to document, maintain and compare versions of OPC UA information models generated from existing code artifacts in the domain of serial machinery engineering. Base for the contribution of this work is the prototype of a documentation and model comparison tool (NodeDoc). We will describe its usage context and requirements as well as its main features. In addition, we discuss encountered challenges and provide insights into proposed solutions along with relevant lessons learned during the development of NodeDoc.","1946-0759","979-8-3503-3991-8","10.1109/ETFA54631.2023.10275554","","https://ieeexplore.ieee.org/stamp/stamp.jsp?arnumber=10275554","OPC UA;documentation generation;documentation maintenance;traceability;information models;comparison tool;model evolution","Performance evaluation;Prototypes;Documentation;Injection molding;Cyber-physical systems;Software;Machinery","","","","23","IEEE","12 Oct 2023","","","IEEE","IEEE Conferences"
"Integration of 5G and OPC UA for Smart Manufacturing of the Future","X. Zhang; S. Lim; C. Lee; W. S. Song; Y. C. Kim; M. Yu; S. H. Hong; N. H. Yoo; M. Wei","Department of Electronic Engineering, Hanyang University, Ansan, Korea; Nestfield Co., Ltd, Ansan, Korea; Seoul National University of Science and Technology, Seoul, Korea; Nestfield Co., Ltd, Ansan, Korea; Nestfield Co., Ltd, Ansan, Korea; Nestfield Co., Ltd, Ansan, Korea; Department of Electronic Engineering, Hanyang University, Ansan, Korea; School of Computer Science & Engineering, Kyungnam University, Changwon, Korea; National Industrial IoT International Cooperation Base, Chongqing University of Posts and Telecommunications, Chongqing, China",2023 IEEE/SICE International Symposium on System Integration (SII),"15 Feb 2023","2023","","","1","6","The Industry 4.0 is aimed at improving production efficiency and flexibility using automation and data exchange technologies, wherein all participants and components must cooperate and communicate seamlessly. To achieve this target, a flexible, interoperable and real-time communication network is required. Considering such an imperative requirement, in this work we aim to integrate the 5G wireless network with Open Platform Communication Unified Architecture (OPC UA), in order to fulfil the stringent communication requirements regarding information model-based data management. Specifically, we first develop a 5G & OPC UA architecture to support the operations of diverse smart manufacturing environments, and then provide specific technical guidelines for implementing the established system. Finally, the feasibility of the proposed 5G & OPC UA architecture is verified using a laboratory-level smart manufacturing testbed.","2474-2325","979-8-3503-9868-7","10.1109/SII55687.2023.10039191","","https://ieeexplore.ieee.org/stamp/stamp.jsp?arnumber=10039191","Industry 4.0;5G;OPC UA;manufacturing system","Industries;5G mobile communication;Wireless networks;System integration;Production;Real-time systems;Data models","","6","","31","IEEE","15 Feb 2023","","","IEEE","IEEE Conferences"
"Exploiting OPC-UA for Model-Based Design in IEC61499 Industrial Controller Development","S. Rinaldi","Department of Information Engineering, University of Brescia, Brescia, Italy","2024 International Conference on Electrical, Computer and Energy Technologies (ICECET","8 Oct 2024","2024","","","1","6","Industry 5.0 integrates human-centric principles into manufacturing, emphasizing collaboration between humans and machines. Model-based design (MBD) facilitates efficient product development, enabling rapid prototyping, streamlined iterations, and enhanced communication among multidisciplinary teams, thereby accelerating time-to-market and ensuring product quality. In this context, IEC 61499 standard complements MBD design methodologies by providing a framework for structuring and implementing distributed control systems, facilitating seamless integration of models into industrial automation workflows. This paper explores the integration of Open Platform Communications Unified Architecture (OPC-UA) into the MBD process within the context of IEC 61499 industrial controller development. By leveraging OPC-UA's standardized communication protocol, we demonstrate how it enhances interoperability and facilitates seamless integration of models into the controller development workflow. The usage of the standardized communication protocol provided by OPC-UA improves interoperability and allows for seamless model integration into the controller development workflow. We apply this approach to the design of a real-application and present an experimental result demonstrating the effectiveness and reliability of the proposed approach in practical scenarios. The communication delay introduced between the model of the plant and the IEC 61499 controller is less than 60 ms. This result is fully compatible with non-time sensitive process automation applications, where the control loop time is larger than one second. Our findings underscore the efficacy of this approach, highlighting its potential to advance industrial automation systems' efficiency and flexibility.","","979-8-3503-9591-4","10.1109/ICECET61485.2024.10698214","","https://ieeexplore.ieee.org/stamp/stamp.jsp?arnumber=10698214","IEC 61499;Model-Based Desing;Industry 5.0;OPC-UA;Process Automation;Model-in-the-loop control","Protocols;Scalability;Computational modeling;Process control;Manufacturing;Delays;IEC Standards;Fifth Industrial Revolution;Interoperability;Standards","","","","13","IEEE","8 Oct 2024","","","IEEE","IEEE Conferences"
"Case study on Integrating Legacy Devices in Industry 4.0 framework using OPC UA","R. H; S. J. Fusic; J. Cornelius K S R; S. M; A. M","Department of Mechatronics, Thiagarajar College of Engineering; Department of Mechatronics, Thiagarajar College of Engineering; Department of Mechatronics, Thiagarajar College of Engineering; Department of Mechatronics, Thiagarajar College of Engineering; Department of Mechatronics, Thiagarajar College of Engineering","2023 International Conference on Energy, Materials and Communication Engineering (ICEMCE)","21 Feb 2024","2023","","","1","6","Legacy devices refers to outdated electronic equipment for which the manufacturer has discontinued firmware updates. Many PLC devices have become obsolete and are unsupported by newer software. It is very expensive to fully replace these devices. This is where OPC UA serves as a solution. Open Platform Communication Unified Architecture (OPC UA) is an open source device to device communication protocol used in Factory Automation. This open interface standard is independent of the PLC manufacturer, the software developer, the operating system or the programming language. The existing communication protocols like profinet, Sercos are organization specific. And these protocols cannot communicate with each other. Also it has many feature limitations like the data cannot be pushed to the cloud and remote operation is not possible. We intend to automate the communication between the legacy devices with Siemens S7-1500 PLC using OPCUA. We are using a Raspberry PI, TIA Portal 14 software in windows PC and an Ethernet connection in-order to Push a data from legacy plc to cloud using OPCUA so it can be operated from anywhere in the world.","","979-8-3503-9337-8","10.1109/ICEMCE57940.2023.10434133","","https://ieeexplore.ieee.org/stamp/stamp.jsp?arnumber=10434133","OPCUA;MB_SERVER;MB_CLIENT;PLC;HMI;TCP;RTU","Protocols;Operating systems;Standards organizations;Publish-subscribe;Software;Data models;Portals","","2","","20","IEEE","21 Feb 2024","","","IEEE","IEEE Conferences"
"Reflection-based Prototyping Framework for OPC UA Servers for Companion Specifications","M. Walker; C. v. Arnim; M. Neubauer; A. Lechler; O. Riedel; A. Verl","Institute for Control Engineering of Machine Tools and Manufacturing Units (ISW), University of Stuttgart, Stuttgart, Germany; Institute for Control Engineering of Machine Tools and Manufacturing Units (ISW), University of Stuttgart, Stuttgart, Germany; Institute for Control Engineering of Machine Tools and Manufacturing Units (ISW), University of Stuttgart, Stuttgart, Germany; Institute for Control Engineering of Machine Tools and Manufacturing Units (ISW), University of Stuttgart, Stuttgart, Germany; Institute for Control Engineering of Machine Tools and Manufacturing Units (ISW), University of Stuttgart, Stuttgart, Germany; Institute for Control Engineering of Machine Tools and Manufacturing Units (ISW), University of Stuttgart, Stuttgart, Germany",2023 IEEE International Conference on Industrial Technology (ICIT),"9 Jun 2023","2023","","","1","6","Domain-specific Companion Specifications (CS) define OPC UA information models for specific use cases, devices, or industries and define how to use OPC UA in specific environments. A sample OPC UA server is required to evaluate an OPC UA CS and develop clients. Such a server needs to be easily changed on updates of the CS and must ensure that all instances comply with the specified OPC UA types. This paper introduces an OPC UA server prototyping framework that maps OPC UA instances to $\mathbf{C++}$ data types using reflection. Using OPC UA types for instantiation, all created instances comply with the CS. The mapping to $\mathbf{C++}$ data structures provides a simplified API for handling sample instances by enabling users with limited knowledge about OPC UA to build CS-conformant servers. Four use cases show the usefulness of the approach: OPC UA Events, OPC UA PubSub and creating CS compliant servers.","2643-2978","979-8-3503-3650-4","10.1109/ICIT58465.2023.10143130","","https://ieeexplore.ieee.org/stamp/stamp.jsp?arnumber=10143130","OPC UA;Companion Specification;Reflection;Object-oriented Programming","Industries;Programming;Data structures;Reflection;Servers","","2","","21","IEEE","9 Jun 2023","","","IEEE","IEEE Conferences"
"Requirements and Challenges in the Configuration of a Real-Time Node for OPC UA Publish-Subscribe Communication","R. Neumann; C. von Arnim; M. Neubauer; A. Lechler; A. Verl","Institute for Control Engineering of Machine Tools and Manufacturing Units (ISW), University of Stuttgart, Stuttgart, Germany; Institute for Control Engineering of Machine Tools and Manufacturing Units (ISW), University of Stuttgart, Stuttgart, Germany; Institute for Control Engineering of Machine Tools and Manufacturing Units (ISW), University of Stuttgart, Stuttgart, Germany; Institute for Control Engineering of Machine Tools and Manufacturing Units (ISW), University of Stuttgart, Stuttgart, Germany; Institute for Control Engineering of Machine Tools and Manufacturing Units (ISW), University of Stuttgart, Stuttgart, Germany",2023 29th International Conference on Mechatronics and Machine Vision in Practice (M2VIP),"2 Feb 2024","2023","","","1","6","Factory automation is evolving from a hierarchical structure towards an interconnected architecture in which systems at different levels can communicate seamlessly with each other. This requires an appropriate replacement of proprietary fieldbus systems in the automation sector. A promising solution to implement cross-plane end-to-end real-time capable communication between computing nodes is proposed in literature. The usage of Open Platform Communication Unified Architecture (OPC UA) as the information model with the Publish-Subscribe (PubSub) communication mechanism in combination with Time Sensitive Networking (TSN) is presented to fulfill the requirements for message transmission. In contrast to the state of the art of configuring fieldbus systems, the configuration of such a real-time communication node has to be done manually. This process is complex, as deep knowledge in different domains is required. In this work we elaborate the requirements for such a communication node and present the resulting implementation challenges, which can be used as the basis for a configuration tool.","","979-8-3503-2562-1","10.1109/M2VIP58386.2023.10413399","","https://ieeexplore.ieee.org/stamp/stamp.jsp?arnumber=10413399","OPC UA PubSub;real-time communication;computing node","Mechatronics;Machine vision;Computational modeling;Publish-subscribe;Computer architecture;Real-time systems;Manufacturing automation","","5","","33","IEEE","2 Feb 2024","","","IEEE","IEEE Conferences"
"Towards Extraction of Validation Rules from OPC UA Companion Specifications","N. Tufek; A. S. Sree Thuluva; V. Philipp Just; M. Sabou","Technology Department, Siemens AG, Munich, Germany; Technology Department, Siemens AG, Munich, Germany; Inst. Computer Engineering, Vienna University of Technology; Inst. Data, Process Knowledge Management, Vienna University of Economics and Business",2023 IEEE 28th International Conference on Emerging Technologies and Factory Automation (ETFA),"12 Oct 2023","2023","","","1","8","Interoperability is the key to industrial automation. OPC UA aims to provide interoperability between industrial machines at the network, protocol, and semantic layers. In order to achieve it, the implementation of a machine and its nodeset file should comply with the OPC UA standard. However, there are a few areas for improvement in technology to automatically check compliance since the compliance rules/validation rules are expressed in textual format in specification documents. In other words, they are not machine-interpretable. Converting the text-based specification into machine-readable form is a complex problem since each companion specification is domain-specific and written by a set of industry experts from all over the world from diverse language backgrounds. The specifications are majorly unique, with little commonality between them. Because of these reasons, it is challenging to develop a generic information extraction approach to retrieve rules that work for all specifications. In this study, we aim to handle this challenge to extract the textual rules from specifications automatically by applying Natural Language Processing and Machine Learning technologies. We present our methodology based on Named Entity Recognition for OPC UA documents for information extraction and text classification to identify rules. To achieve this goal, we created five named entity data sets from five selected OPC UA companion specifications. The sentences in the data set and the entities in the sentences were annotated by two OPC UA experts. We point out a deeper analysis of the data sets to highlight common and unique entities in them and show their usage in identifying the rules in the specifications.","1946-0759","979-8-3503-3991-8","10.1109/ETFA54631.2023.10275371","","https://ieeexplore.ieee.org/stamp/stamp.jsp?arnumber=10275371","OPC UA;Named Entity Recognition;Natural Language Processing;Classification","Protocols;Text recognition;Text categorization;Semantics;Machine learning;Information retrieval;Natural language processing","","3","","21","IEEE","12 Oct 2023","","","IEEE","IEEE Conferences"
"Assessment of OPC UA PubSub at Scale Using TSN Infrastructure and Network Calculus","F. Rezabek; M. Helm; N. Buchner; M. Smolarska; B. Jaeger; G. Carle","Department of Computer Engineering, TUM School of CIT, Technical University of Munich, Germany; Department of Computer Engineering, TUM School of CIT, Technical University of Munich, Germany; Department of Computer Engineering, TUM School of CIT, Technical University of Munich, Germany; Department of Computer Engineering, TUM School of CIT, Technical University of Munich, Germany; Department of Computer Engineering, TUM School of CIT, Technical University of Munich, Germany; Department of Computer Engineering, TUM School of CIT, Technical University of Munich, Germany",2024 IEEE 21st International Conference on Mobile Ad-Hoc and Smart Systems (MASS),"25 Oct 2024","2024","","","403","411","OPC UA PubSub is a recent addition to the OPC UA industry standard used for machine-type communication in the Industrial Internet of Things. It can be combined with Time Sensitive Networking (TSN) to offer deterministic latency and bounded jitter. In this work, we model the network interactions between Credit-Based Shaper (CBS) and PubSub using Network Calculus. We derive worst-case delay bounds for various numbers of hops, payload sizes, and competing flows. The derived bounds are confirmed using deployments on commercial-of-the-shelf hardware and open-source solutions relying on a low-latency Linux kernel. Based on the results, we observe that the derived bounds are satisfied in all scenarios of seven hops with a round-trip-time (RTT) varying between 1 to 2.5 ms for respective payload sizes of 59 to 1481 B. Similarly, for jitter we observe fluctuations of $\pm \mathbf{250}\boldsymbol{\mu} \mathbf{s}$. Complementing the CBS results, we evaluate time-aware shaping, where we observe lower RTTs for average payload sizes of around $800 \mu\mathrm{s}$. Our contributions show that OPC UA PubSub applications can co-exist with TSN.","2155-6814","979-8-3503-6399-9","10.1109/MASS62177.2024.00060","German Federal Ministry of Education and Research (BMBF)(grant numbers:16KISK002,16KISK107); German Research Foundation (DFG)(grant numbers:CA595/13-1); Horizon Europe(grant numbers:951850,101131207); ","https://ieeexplore.ieee.org/stamp/stamp.jsp?arnumber=10723683","TSN;OPC UA;Network Calculus;COTS;Reproducibility","Network topology;Jitter;Smart systems;Calculus;Delays;Topology;Security;Low latency communication;Standards;Payloads","","","","33","IEEE","25 Oct 2024","","","IEEE","IEEE Conferences"
"A Query Language for OPC UA Event Filters","F. Duewel; A. Ebner; J. Pfrommer","Fraunhofer IOSB, Karlsruhe, Germany; Fraunhofer IOSB, Karlsruhe, Germany; Fraunhofer IOSB, Karlsruhe, Germany",2024 IEEE 29th International Conference on Emerging Technologies and Factory Automation (ETFA),"16 Oct 2024","2024","","","1","7","The OPC UA standard combines industrial communication with information modeling. In order to remove the need for continuous polling, OPC UA clients can create subscriptions to be notified about data changes and events. OPC UA Event Filters provide powerful constructs for the server-side selection of relevant events. This feature is however underused in practice, also because of the complexity of Event Filters. Event Filters are expressed in a “byte-code” encoding. Assembling this encoding by hand is difficult and error-prone. This paper discusses the semantics of OPC UA Event Filters and proposes a query language to facilitate their definition. A formal grammar for the query language is provided in the BNF format. An implementation of a corresponding parser is available as part of the open62541 library.","1946-0759","979-8-3503-6123-0","10.1109/ETFA61755.2024.10710686","","https://ieeexplore.ieee.org/stamp/stamp.jsp?arnumber=10710686","","Filters;Semantics;Industrial communication;Encoding;Libraries;Grammar;Complexity theory;Database languages;Standards;Manufacturing automation","","","","20","IEEE","16 Oct 2024","","","IEEE","IEEE Conferences"
"OPC UA as a Key Technology for Industry 4.0 Electric Drives - A Proof of Concept","I. Kliasheu; T. Schwarz; C. Zhou; R. Kundel; B. Scheuermann; A. Schürr; G. Griepentrog; M. Wolff","Technical University of Darmstadt, Germany; Technical University of Darmstadt, Germany; Technical University of Darmstadt, Germany; Technical University of Darmstadt, Germany; Technical University of Darmstadt, Germany; Technical University of Darmstadt, Germany; Technical University of Darmstadt, Germany; Technical University of Darmstadt, Germany",2024 Energy Conversion Congress & Expo Europe (ECCE Europe),"20 Nov 2024","2024","","","1","8","To implement Industry 4.0 functionality, seamless communication across the value chain is vital. This extends to electric drives, one key component in industrial production.Even so, while the current plurality of (vendor-specific) fieldbus protocols enable real-time communication within a domain, general communication methods and protocols are needed. This paper investigates the vendor-independent OPC UA protocol, which is a potential universal solution based on the standardized and omnipresent Ethernet/IP/TCP network protocols.While highlighting challenges and potential solutions, this study presents the practical application of OPC UA on electric drives in a demonstrator environment. The results show that fully manufacturer-independent operations faced challenges due to proprietary systems even though a standard communication protocol is in use. Further, the results emphasize the need for standardized workflows, automated tools, and detailed requirements for scalability.","","979-8-3503-6444-6","10.1109/ECCEEurope62508.2024.10752057","","https://ieeexplore.ieee.org/stamp/stamp.jsp?arnumber=10752057","Industry 4.0;electric drive;Drive 4.0;OPC UA;AAS;ECLASS","Industries;Electric potential;Protocols;Scalability;Europe;Real-time systems;Fourth Industrial Revolution;Reliability;Standards","","","","28","IEEE","20 Nov 2024","","","IEEE","IEEE Conferences"
"ECC Implementation and Performance Evaluation for Securing OPC UA Communication","A. Tidrea; A. Korodi","Department of Automation and Applied Informatics, University Politehnica Timisoara, Timisoara, Romania; Department of Automation and Applied Informatics, University Politehnica Timisoara, Timisoara, Romania","2023 IEEE 22nd International Conference on Trust, Security and Privacy in Computing and Communications (TrustCom)","29 May 2024","2023","","","1704","1711","Protecting critical infrastructures and manufacturing plants in the context of Industry 4.0 against cyber-attacks is a nowadays challenge due to lack or insufficient security mechanisms for the communication protocols. Even though new protocols are considering built-in security (e.g. OPC UA) there is still a struggle for assuring interoperability and interconnectivity in the IoT era while dealing with resource constrained devices. This paper attempts to implement and evaluate a solution for assuring the authenticity and integrity of the data transmitted through OPC UA protocol in a client- server communication based on ECC as an alternative to the existing implemented solution which uses RSA. We choose ECC since it can achieve similar level of security as RSA for smaller key size and in order to respond to the limited memory and resource constrained elements part of an industrial system. Furthermore, we aim to evaluate through measurements the performance of different ECC key sizes in respect to the latency introduced by each cryptographic operation.","2324-9013","979-8-3503-8199-3","10.1109/TrustCom60117.2023.00232","","https://ieeexplore.ieee.org/stamp/stamp.jsp?arnumber=10538676","ECC;ECDSA;security;OPC UA;Industrial Internet of Things - IoT","Performance evaluation;Protocols;NIST;Elliptic curve cryptography;Error correction codes;Computational efficiency;Timing","","","","55","IEEE","29 May 2024","","","IEEE","IEEE Conferences"
"A Compliant Robot-Assisted Mold Polishing Application Using the Franka Emika Robot","M. C. Xenya; R. Cortesão","Electrical and Computer Engineering Department, Institute of Systems and Robotics, University of Coimbra, Coimbra, Portugal; Electrical and Computer Engineering Department, Institute of Systems and Robotics, University of Coimbra, Coimbra, Portugal",IECON 2023- 49th Annual Conference of the IEEE Industrial Electronics Society,"16 Nov 2023","2023","","","1","7","Metal mold casting for many application areas remains imperfect since this involves the control of numerous factors that affect workpiece quality. Surface roughness which remains one of the many issues related to metal mold cast is often mitigated by means of grinding and polishing. As many attempts are being made to address this challenge through robot-assisted techniques, we focus on rapid mold polishing using the Franka Emika (FE) robot and its programming resources, including a built-in impedance control architecture. To accomplish the objective, mold surface segmentation is necessary. For each segment, the polishing approach is based on surface normals, relative motion, and torque sensor data. Results were obtained with open platform communication-unified architecture (opc-ua) client and server that record torque and force data. Results show that tuning internal impedance control parameters for polishing tasks is feasible.","2577-1647","979-8-3503-3182-0","10.1109/IECON51785.2023.10312259","","https://ieeexplore.ieee.org/stamp/stamp.jsp?arnumber=10312259","metal mold polishing;robot-assisted polishing;opc-ua;polishing application","Surface impedance;Torque;Motion segmentation;Computer architecture;Robot sensing systems;Iron;Trajectory","","","","13","IEEE","16 Nov 2023","","","IEEE","IEEE Conferences"
"An Autonomous Edge Box System Architecture for Industrial IoT Applications","C. Guo; S. Yang; S. Thiede","Department of Design, Production and Management, Chair of Manufacturing Systems, University of Twente, Enschede, The Netherlands; Department of Design, Production and Management, Chair of Manufacturing Systems, University of Twente, Enschede, The Netherlands; Department of Design, Production and Management, Chair of Manufacturing Systems, University of Twente, Enschede, The Netherlands",2024 IEEE 22nd International Conference on Industrial Informatics (INDIN),"12 Dec 2024","2024","","","1","6","Digitalization has been developing in manufacturing for decades. Many concepts and technologies related to digitalization have been proposed and have brought significant benefits to enterprises. The Industrial Internet of Things (IIoT) is an important means to realize digital manufacturing. However, there are many barriers when integrating and implementing digitalization for industrial companies, especially for small and medium-sized enterprises (SMEs). These barriers mainly include high cost sensitivity, difficulty in system installation and deployment, lacking of unified methods and platforms, and threats to data and network security. Therefore, a lightweight IIoT architecture is proposed in this paper to support SMEs to overcome the barriers and obtain the practical values brought by IIoT with a lower cost and effort. Finally, a case study has been conducted to validate the proposed approach.","2378-363X","979-8-3315-2747-1","10.1109/INDIN58382.2024.10774355","","https://ieeexplore.ieee.org/stamp/stamp.jsp?arnumber=10774355","IIoT;Cyber-Physical Production Systems;autonomous;Industry 4.0;OPC UA;Edge Computing","Costs;Sensitivity;Systems architecture;Production;Computer architecture;Companies;Network security;Manufacturing;Informatics;Industrial Internet of Things","","","","33","IEEE","12 Dec 2024","","","IEEE","IEEE Conferences"
"Structured text programming to visualize the distribution of packages on a conveyor","M. Pounraj; L. Lonappan; V. S. R. Ali; A. L. D'couto; D. L. Deepak; R. R. Krishnan","Centre of Excellence in Automation, CHRIST (Deemed to be University), Bengaluru, Karnataka; Department of EEE, CHRIST (Deemed to be University), Bengaluru, Karnataka; Department of EEE, CHRIST (Deemed to be University), Bengaluru, Karnataka; Department of EEE, CHRIST (Deemed to be University), Bengaluru, Karnataka; Department of EEE, CHRIST (Deemed to be University), Bengaluru, Karnataka; Department of EEE, CHRIST (Deemed to be University), Bengaluru, Karnataka","2023 Second International Conference on Electrical, Electronics, Information and Communication Technologies (ICEEICT)","26 Jun 2023","2023","","","1","5","Automation is a process of increasing production and reducing the downtime of any industry. With the integration of sensor data to the cloud using an OPC-VA communication protocol, the automation becomes more prominent and interesting. However, many existing industrial controllers do not support open platform communication unified architecture (OPC-VA) and it needs an IIoT device to connect the cloud. The existing programmable logic controller in any industry have to be connected to an IIoT device through Ethernet. Sensors connected to the controller will transmit the data to the IIoT device. The transmission can also be bidirectional. In this paper, a conveyor which distributes packages is simulated in Codesys and it is visualized in a human-machine interface (HMI) screen which is in-built in the software. The hardware set-up is made with the industrial controller to execute the same. A methodology to send the data from the controller to the cloud using open platform communication unified architecture (OPC-UA) is proposed","","979-8-3503-9763-5","10.1109/ICEEICT56924.2023.10157818","","https://ieeexplore.ieee.org/stamp/stamp.jsp?arnumber=10157818","Automation;OPC-UA;Conveyor;Sensors","Industries;Cloud computing;Protocols;Automation;Data visualization;Computer architecture;Programming","","","","15","IEEE","26 Jun 2023","","","IEEE","IEEE Conferences"
"Overcoming Challenges in Integrating Legacy Devices with Asset Administration Shells - An OPC UA Case Study","A. Zielstorff; D. Schöttke; A. Hohenhövel; T. Kämpfe; S. Schäfer; F. Schnicke","Hochschule für Technik und Wirtschaft (HTW) Berlin, Berlin, Germany; Hochschule für Technik und Wirtschaft (HTW) Berlin, Berlin, Germany; Hochschule für Technik und Wirtschaft (HTW) Berlin, Berlin, Germany; Hochschule für Technik und Wirtschaft (HTW) Berlin, Berlin, Germany; Hochschule für Technik und Wirtschaft (HTW) Berlin, Berlin, Germany; Fraunhofer IESE, Kaiserslautern, Germany",2023 IEEE 28th International Conference on Emerging Technologies and Factory Automation (ETFA),"12 Oct 2023","2023","","","1","8","The transition towards Industry 4.0 requires the modernisation of legacy systems. However, this transformation introduces complexity, mainly due to the variety of data formats and interfaces resulting from the heterogeneity of the used components. For seamless interoperability in Industry 4.0 applications, a harmonised data base is of vital importance. The Asset Administration Shell (AAS), as a standardised digital twin of assets, plays a key role in facilitating interoperable, data-centric solutions in the Industry 4.0 landscape. The prospect of automated data integration offers the potential to reduce errors and optimise the process of digitising legacy systems. This raises the question of what extensions and components within the AAS infrastructure are necessary to realise such automation. In response, this paper presents an architectural concept for integrating legacy systems into the AAS framework. Using an articulated robot as a tangible example, the process of interconnecting data points via the OPC UA protocol is illustrated. Additionally, a prototype is presented, capable of enabling vertical data integration via the BaSyx DataBridge, thus showcasing the notable advantages of automating the incorporation of legacy devices into the AAS. The shown solution retains flexibility and is readily applicable to a variety of systems and scenarios as required.","1946-0759","979-8-3503-3991-8","10.1109/ETFA54631.2023.10275536","Ministry of Education; ","https://ieeexplore.ieee.org/stamp/stamp.jsp?arnumber=10275536","Asset Administration Shell;Data Integration;OPC UA;Industry 4.0;DataBridge","Protocols;Data integration;Prototypes;Aging;Fourth Industrial Revolution;Digital twins;Complexity theory","","7","","16","IEEE","12 Oct 2023","","","IEEE","IEEE Conferences"
"A Cloud-Native Software Architecture of NAMUR Open Architecture Verification of Request using OPC UA PubSub Actions over MQTT","S. Grüner; A. Trosten","ABB Corporate Reserach Center Germany, Ladenburg, Germany; ABB Process Automation, Vasteras, Sweden",2023 IEEE 28th International Conference on Emerging Technologies and Factory Automation (ETFA),"12 Oct 2023","2023","","","1","8","Long life cycles of OT equipment used in process industry pose a burden to the adoption of high-paced Industry 4.0 IT applications. NAMUR Open Architecture (NOA) specifies a reference architecture to securely decouple the life cycle of IT and OT components, allowing both to evolve on the required pace. Verification of Request (VoR) and Security Gateway are two key concepts of NOA to allow controlled information traversal both ways between IT and OT domains. In this work we present a cloud-native software architecture of VoR by using a standardized OPC UA PubSub communication over MQTT. The architecture has been successfully validated on a simulated system using Kubernetes clusters and Virtual Machines hosting product-grade DCS and edge components.","1946-0759","979-8-3503-3991-8","10.1109/ETFA54631.2023.10275714","","https://ieeexplore.ieee.org/stamp/stamp.jsp?arnumber=10275714","NAMUR Open Architecture;Verification of Request;OPC UA;MQTT;Cloud-Native Software Architecture","Industries;Cloud computing;Software architecture;Computer architecture;Logic gates;Virtual machining;Fourth Industrial Revolution","","4","","18","IEEE","12 Oct 2023","","","IEEE","IEEE Conferences"
"An OPC UA-based industrial Big Data architecture","E. Hirsch; S. Hoher; S. Huber","JR Centre for Intelligent and Secure Industrial Automation, Salzburg University of Applied Sciences, Puch, Austria; JR Centre for Intelligent and Secure Industrial Automation, Salzburg University of Applied Sciences, Puch, Austria; JR Centre for Intelligent and Secure Industrial Automation, Salzburg University of Applied Sciences, Puch, Austria",2023 IEEE 21st International Conference on Industrial Informatics (INDIN),"22 Aug 2023","2023","","","1","7","Industry 4.0 factories are complex and data-driven. Data is yielded from many sources, including sensors, PLCs, and other devices, but also from IT, like ERP or CRM systems. We ask how to collect and process this data in a way, such that it includes metadata and can be used for industrial analytics or to derive intelligent support systems. This paper describes a new, query model based approach, which uses a big data architecture to capture data from various sources using OPC UA as a foundation. It buffers and preprocesses the information for the purpose of harmonizing and providing a holistic state space of a factory, as well as mappings to the current state of a production site. That information can be made available to multiple processing sinks, decoupled from the data sources, which enables them to work with the information without interfering with devices of the production, disturbing the network devices they are working in, or influencing the production process negatively. Metadata and connected semantic information is kept throughout the process, allowing to feed algorithms with meaningful data, so that it can be accessed in its entirety to perform time series analysis, machine learning or similar evaluations as well as replaying the data from the buffer for repeatable simulations.","2378-363X","978-1-6654-9313-0","10.1109/INDIN51400.2023.10217899","","https://ieeexplore.ieee.org/stamp/stamp.jsp?arnumber=10217899","OPC UA;query model;IT/OT integration;information model;data retrieval;device decoupling;big data","Performance evaluation;Machine learning algorithms;Soft sensors;Time series analysis;Semantics;Machine learning;Metadata","","3","","29","IEEE","22 Aug 2023","","","IEEE","IEEE Conferences"
"Digital Twin Frameworks: A Comparative Study of AAS, OPC UA, and AML","A. Barnard","Department ICT and Automation, ifak - Institute for Automation and Communication, Magdeburg, Germany","2024 International Conference on Electrical, Computer and Energy Technologies (ICECET","8 Oct 2024","2024","","","1","6","This paper conducts a comparison of three leading digital twin frameworks: Asset Administration Shell, OPC UA, and AutomationML, aiming to clarify their features, capabilities, and industry applicability. By analyzing architecture, data modelling, interoperability, scalability, and security aspects, this study highlights each framework's unique strengths and limitations. Additionally, it examines their real-world applications through industry-specific case studies, offering insights into practical implementation benefits. The findings assist stakeholders in selecting the most suitable framework for their digital transformation initiatives, contributing to the broader understanding of digital twin technologies in advancing Industry 4.0.","","979-8-3503-9591-4","10.1109/ICECET61485.2024.10698583","","https://ieeexplore.ieee.org/stamp/stamp.jsp?arnumber=10698583","Digital Twin;AAS;OPC UA;AML","Industries;Electric potential;Scalability;Market research;Data models;Digital twins;Fourth Industrial Revolution;Stakeholders;Computer security;Interoperability","","3","","21","IEEE","8 Oct 2024","","","IEEE","IEEE Conferences"
"Convergent wireless real-time communicaiton using EtherCAT and OPC UA for AGV application with big data sets acquisition","J. Stój; P. Gaj","Dept. of Distributed Systems and Informatic Devices, Silesian University of Technology, Gliwice, Poland; Dept. of Distributed Systems and Informatic Devices, Silesian University of Technology, Gliwice, Poland",2023 IEEE International Conference on Big Data (BigData),"22 Jan 2024","2023","","","5127","5133","ptimization of delivery of goods to production stations spread on factory floors has led to creation of Automated Guided Vehicles AGV. Latter it evolved to AGVs equipped with collaborative robots implemented to automate the process of loading and unloading of the transported goods. To make the operation of AGVs efficient it is needed to exchange data with higher level system like Manufacturing Execution Systems MES and Transport Management Systems TMS. The data is needed also to increase the energy efficiency of AGVs and their availability by implementation of predictive maintenance procedures. To make it possible processing of big data sets describing the change of the state of AGV’s in time is necessary. But first, the data has to be gathered using reliable wireless communication link that are shared with real-time protocols used for integration with production stations and collaboration with them. The paper considers a solution based on EtherCAT network with application of Ethernet over EtherCAT EoE communication profile for tunneling of OPC UA traffic.","","979-8-3503-2445-7","10.1109/BigData59044.2023.10386272","Research and Development; ","https://ieeexplore.ieee.org/stamp/stamp.jsp?arnumber=10386272","Industrial Control Systems;AGV;Real-time Ethernet;RTE;EtherCAT;Big Data;convergent networks;OPC UA;wireless;Wi-Fi","Wireless communication;Remotely guided vehicles;Protocols;Collaboration;Big Data;Tunneling;Real-time systems","","","","28","IEEE","22 Jan 2024","","","IEEE","IEEE Conferences"
"Knowledge-Driven Analysis Framework of Anomaly Propagation in Manufacturing Workshop","W. Shengbo; G. Yu","College of Mechanical and Electrical Engineering, Nanjing University of Aeronautics and Astronautics, Nanjing, China; College of Mechanical and Electrical Engineering, Nanjing University of Aeronautics and Astronautics, Nanjing, China",2023 International Conference on Advanced Enterprise Information System (AEIS),"2 Apr 2024","2023","","","58","62","With the improvement of customization demand and the increase of market fluctuation, manufacturing enterprises gradually turn to intelligent manufacturing mode. However, there are various abnormal events in the manufacturing process, which hinder the normal production of the workshop. The analysis of anomaly propagation is considered to be an effective technique to solve this problem. In this paper, we propose a knowledge driven analysis framework of anomaly propagation in workshop. Firstly, a temporal knowledge graph(TKG) is built for anomaly propagation analysis based on the open platform communications unified architecture (OPC UA) information model and the ontology web language (OWL) mapping model. The time-series data in the manufacturing process is contained in the TKG, such as workpiece process data, machine maintenance data, etc. These data are the basis for the analysis of anomaly propagation. Then, a time-series analysis method for anomaly is proposed. This method gives the breadth and depth of abnormal events propagation in a period of time, so that decision makers can make decisions in advance to precisely control the production process. The analysis framework provides a route for manufacturing workshop to resolve abnormal events.","","979-8-3503-5926-8","10.1109/AEIS61544.2023.00017","Natural Science Foundation of Jiangsu Province(grant numbers:BK20202007); ","https://ieeexplore.ieee.org/stamp/stamp.jsp?arnumber=10483047","temporal knowledge graph;anomaly propagation;OPC UA model;time-series manufacturing data","Analytical models;Manufacturing processes;Conferences;Semantics;OWL;Time series analysis;Production","","","","15","IEEE","2 Apr 2024","","","IEEE","IEEE Conferences"
"IIOT based Remote Monitoring and Control of Bottle Filling Process Using PLC and Node-Red","K. K; D. R; S. M V; K. S; G. R. M; S. A. S Meashake","Electronics and Instrumentation Engineering, Bannari Amman Institute of Technology, Sathyamangalam, India; Electronics and Instrumentation Engineering, Bannari Amman Institute of Technology, Sathyamangalam, India; Electronics and Instrumentation Engineering, Bannari Amman Institute of Technology, Sathyamangalam, India; Electronics and Instrumentation Engineering, Bannari Amman Institute of Technology, Sathyamangalam, India; Electronics and Instrumentation Engineering, Bannari Amman Institute of Technology, Sathyamangalam, India; Electronics and Instrumentation Engineering, Bannari Amman Institute of Technology, Sathyamangalam, India","2023 4th International Conference on Communication, Computing and Industry 6.0 (C216)","19 Feb 2024","2023","","","1","5","In the industrial bottle-filling process, multiple variables such as temperature, speed, flow, level, and quality must be accurately and consistently regulated. The Industrial Internet of Things (IIoT) is changing the environment in industries such as chemical processing, agriculture, textiles, and food manufacturing. Since the implementation of Industry 4.0, IIOT has become a viable option. By introducing intelligent systems into the industrial sector, this technology alters the relationship between various controllers, Instruments, machinery, and production equipment. It makes use of a Profinet communication network to transfer and manipulate Input and output data from field devices and the PLC S7-1200. This paper aims to develop a remote monitoring and control system for the bottle-filling process using a programmable logic controller (PLC), human-machine interface (HMI), photoelectric sensors, DC motor, solenoid valve, and computers so that its parameters can be monitored and controlled from a central or remote location. This project describes the PLC and Node-Red configuration, as well as the numerous scenarios and use cases created with OPC Unified Architecture (OPC UA). Common protocols used for PLC and HMI connection include Ethernet, Internet Protocol, Modbus, and RS 485. The IIoT system's data will be uploaded to the cloud through OPC UA and Node-Red.","","979-8-3503-2732-8","10.1109/C2I659362.2023.10430762","","https://ieeexplore.ieee.org/stamp/stamp.jsp?arnumber=10430762","Node-Red;PLC;OPC UA;HMI;IIoT;Bottle Filling","Temperature sensors;Temperature measurement;Protocols;Programmable logic devices;Process control;Remote monitoring;Industrial Internet of Things","","1","","13","IEEE","19 Feb 2024","","","IEEE","IEEE Conferences"
"Design of an Educational-development Platform for Digital Twins using the Interoperability of the OPC UA Standard and Industry 4.0 Components","M. Pajpach; R. Pribiš; P. Drahoš; E. Kučera; O. Haffner","Faculty of Electrical Engineering and Information Technology, Slovak University of Technology in Bratislava, Bratislava, Slovakia; Faculty of Electrical Engineering and Information Technology, Slovak University of Technology in Bratislava, Bratislava, Slovakia; Faculty of Electrical Engineering and Information Technology, Slovak University of Technology in Bratislava, Bratislava, Slovakia; Faculty of Electrical Engineering and Information Technology, Slovak University of Technology in Bratislava, Bratislava, Slovakia; Faculty of Electrical Engineering and Information Technology, Slovak University of Technology in Bratislava, Bratislava, Slovakia","2023 3rd International Conference on Electrical, Computer, Communications and Mechatronics Engineering (ICECCME)","22 Sep 2023","2023","","","1","6","The development of Industry 4.0, especially in the areas of interoperability and the design, implementation and use of digital twins, has been enormous in recent years. This article discusses three key aspects that Industry 4.0 brings with it - virtualization through digital twins (DTs), interoperability based on the OPC UA standard, and the use of Industry 4.0's Administration Asset Shell (AAS) components. For the purpose of development and education, a design of an education and development platform has been developed, in which these key attributes of Industry 4.0 are conveniently combined into a single entity.","","979-8-3503-2297-2","10.1109/ICECCME57830.2023.10252941","Research and Development; Ministry of Education; Ministry of Education; ","https://ieeexplore.ieee.org/stamp/stamp.jsp?arnumber=10252941","digital twin;Industry 4.0;interoperability;I4.0 component;AAS;virtualization;educational-development platform","Three-dimensional displays;Education;Semantics;Fourth Industrial Revolution;Digital twins;Servers;Virtualization","","3","","23","IEEE","22 Sep 2023","","","IEEE","IEEE Conferences"
"On the Performance of OPC-UA over 5G NPN with Layer 2 Communication","R. Guerra-Gómez; F. Cañellas; S. M. Darroudi; E. Carmona-Cejudo; D. Camps-Mur; A. Abadía; R. Méndez; I. Gil","Neutroon Technologies S.L., Barcelona, Spain; i2CAT Foundation, Barcelona, Spain; Neutroon Technologies S.L., Barcelona, Spain; i2CAT Foundation, Barcelona, Spain; i2CAT Foundation, Barcelona, Spain; AIMEN, Pontevedra, Spain; AIMEN, Pontevedra, Spain; AIMEN, Pontevedra, Spain",2024 IEEE International Conference on Communications Workshops (ICC Workshops),"12 Aug 2024","2024","","","1316","1321","The integration of private fifth-generation (5G) networks with standardized publish-subscribe (PubSub) communication models offers clear benefits for Industry 4.0 applications. While PubSub models ensure vendor-neutral interoperability, backward compatibility, and mature information modeling, the use of 5G non-public networks (NPN) provides dedicated coverage, exclusive capacity, intrinsic controllability, and customized service and operation. In addition, the combination of PubSub protocols and 5G provides a complete communication stack for industrial automation, where PubSub protocols operate on higher OSI layers, and 5G operates on lower layers. However, the practical implications of the integration of PubSub models with 5G systems remain largely unaddressed in the existing literature. To the best of the authors' knowledge, this paper presents the first empirical evaluation of the integration of private 5G with a PubSub protocol, namely open platform communication unified architecture (OPC-UA), in a real production environment. The proposed solution for 5G and OPC-UA integration relies on layer 2 (L2) connectivity over a virtual extensible local area network (VXLAN) tunnel. Evaluation results demonstrate the feasibility of such integration in the context of a soft real-time additive manufacturing (AM) use case for laser metal deposition (LMD)-based manufacturing.","2694-2941","979-8-3503-0405-3","10.1109/ICCWorkshops59551.2024.10615711","","https://ieeexplore.ieee.org/stamp/stamp.jsp?arnumber=10615711","","Performance evaluation;Protocols;5G mobile communication;Conferences;Metals;Production;Publish-subscribe","","","","17","IEEE","12 Aug 2024","","","IEEE","IEEE Conferences"
"Digital Twins of Business Processes as Enablers for IT / OT Integration","H. Waclawek; G. Schäfer; C. Binder; E. Hirsch; S. Huber","Salzburg University of Applied Sciences, Puch, Austria; Salzburg University of Applied Sciences, Puch, Austria; Salzburg University of Applied Sciences, Puch, Austria; Salzburg University of Applied Sciences, Puch, Austria; Salzburg University of Applied Sciences, Puch, Austria",2023 IEEE 21st International Conference on Industrial Informatics (INDIN),"22 Aug 2023","2023","","","1","7","The vision of Industry 4.0 introduces new requirements to Operational Technology (OT) systems. Solutions for these requirements already exist in the realm of Information Technology (IT), however, due to the different characteristics of IT and OT, these solutions often cannot be directly used in the realm of OT. We therefore propose an Industrial Business Process Twin (IBPT), allowing to apply methods of one world to another not directly but, instead, to a representation, that is in bidirectional exchange with the other world. The proposed IBPT entity acts as an intermediary, decoupling the realms of IT and OT, thus allowing for an integration of IT and OT components of different manufacturers and platforms. Using this approach, we demonstrate the four essential Industry 4.0 design principles information transparency, technical assistance, interconnection and decentralized decisions based on the gamified Industry 4.0 scenario of playing the game of Nine Men’s Morris. This scenario serves well for agent based Artificial Intelligence (AI)-research and education. We develop an Open Platform Communications Unified Architecture (OPC UA) information and communication model and then evaluate the IBPT component with respect to the different views of the Reference Architecture Model Industry 4.0 (RAMI4.0).","2378-363X","978-1-6654-9313-0","10.1109/INDIN51400.2023.10217905","","https://ieeexplore.ieee.org/stamp/stamp.jsp?arnumber=10217905","IT/OT Integration;Digital Twin;RAMI4.0;OPC UA;SOA;Information Modeling;Industrial Business Process Twin","Games;Fourth Industrial Revolution;Digital twins;Information technology;Informatics;Artificial intelligence;Business","","4","","22","IEEE","22 Aug 2023","","","IEEE","IEEE Conferences"
"A New ICT Architecture of Smart Water Network Platform for Improving Management Performance: Maintenance, Security, and Deployment Cost","C. -H. Li; H. -T. Chou; C. -I. Wu; P. -T. Tseng","Department of Information Management, Taiwan Water Corporation, Taichung City, Taiwan (R.O.C.); Department of Information Management, Taiwan Water Corporation, Taichung City, Taiwan (R.O.C.); Department of water supply, Taiwan Water Corporation, Taichung City, Taiwan (R.O.C.); Department of Information Management, Taiwan Water Corporation, Taichung City, Taiwan (R.O.C.)",2024 10th International Conference on Applied System Innovation (ICASI),"13 Jun 2024","2024","","","157","159","This paper introduces the application layer's solutions to the distributed servers, establishes improvement policy processes, and uses advanced technologies, such as Open Platform Communications Unified Architecture (OPC UA), Industrial Gateway Server (IGS), Application Programming Interface (API), etc., to integrate the original distributed hosts into a single new version monitoring platform with centralized architecture that is easy to achieve the goals of easy maintenance, low update cost and enhanced information security deployment. The carbon footprint and information deployment cost are only 35.47% and 9.86% of those before improvement respectively, making an important contribution to improving information efficiency.","2768-4156","979-8-3503-9492-4","10.1109/ICASI60819.2024.10547855","","https://ieeexplore.ieee.org/stamp/stamp.jsp?arnumber=10547855","Centralized architecture;OPC;IGS;Low update cost","Technological innovation;Costs;Purification;Logic gates;Maintenance;Servers;Carbon footprint","","","","2","IEEE","13 Jun 2024","","","IEEE","IEEE Conferences"
"Semantic Information Modeling and Implementation Method for Water Conservancy Equipment","S. Wang; O. Xu","Key Laboratory for Technology in Rural Water Management of Zhejiang Province, Zhejiang University of Water Resources and Electric Power, Hangzhou, China; Key Laboratory for Technology in Rural Water Management of Zhejiang Province, Zhejiang University of Water Resources and Electric Power, Hangzhou, China",IEEE Access,"1 Dec 2023","2023","11","","133879","133890","Water conservancy equipment (WCE) has a large amount of information, structural heterogeneity and complex relationship leads to the difficulty of semantic interoperability in smart water conservancy. To overcome this issue, we propose the WCE information interaction dimension theory, modeling process and instancing method. First, we analyze the smart water conservancy ontology and information factor, and propose semantic information interaction dimension structure of water conservancy Ontology. Second, we construct the network information model structure of water conservancy, through the relationship degree, a tree model which can realize semantic expression and interoperability is formed through the dimensionality reduction of the model. Third, the component attribute set hierarchical relationship architecture water conservancy information model is established, which use XML language to describe this model. Moreover, the three types of instancing methods are proposed. Through OPC unified architecture (OPC UA) technology, water conservancy information model can implement semantic interoperability. The experimental show that the proposed method of semantic information modeling and semantic interoperability of WCE is feasible, and obvious advantages of complete semantic interoperability than in the model architecture, semantic structure and technical implementation.","2169-3536","","10.1109/ACCESS.2023.3336817","Ministry of Education Humanities and Social Sciences of China(grant numbers:22YJCZH162); Joint Funds of the Zhejiang Provincial Natural Science Foundation of China(grant numbers:LZJWZ23E090001); Provincial and Ministerial Level and Above Project Cultivation(grant numbers:xky2022048); Key Laboratory for Technology in Rural Water Management of Zhejiang Province through the Zhejiang University of Water Resources and Electric Power, China(grant numbers:ZJWEU-RWM202107); Research Center for Digital Economy and Sustainable Development of Water Resources through the Zhejiang University of Water Resources and Electric Power, China(grant numbers:xrj2022013); ","https://ieeexplore.ieee.org/stamp/stamp.jsp?arnumber=10328733","Information model;semantics;smart water conservancy;water conservancy equipment;OPC UA","Water conservation;Ontologies;Optical wavelength conversion;Semantics;Data models;Interoperability;Water resources","","2","","24","CCBYNCND","24 Nov 2023","","","IEEE","IEEE Journals"
"Reusing OPC UA information models in the Asset Administration Shell","W. Arno; R. Dirk","SAP SE Chair of Machine Tools Development and Adaptive Controls, TU Dresden, Dresden, Germany; Department of Informatics, HTW Dresden, Fraunhofer IWU, Dresden, Germany",2023 IEEE 21st International Conference on Industrial Informatics (INDIN),"22 Aug 2023","2023","","","1","6","OPC UA and the Asset Administration Shell cover neighboring domains in modern industrial information architectures. Since their meta-models differ fundamentally, correct integration is vital for sustained interoperability. This paper shows how enterprise information systems benefit from using transformed OPC UA information models as a proxy for shopfloor transparency. All transformation rules facilitating this meta-model mapping are motivated and specified. When implemented, a new Submodel mirroring an OPC UA Nodeset can be built up automatically carrying all necessary context from its origins into the realm of cross-company data exchange.","2378-363X","978-1-6654-9313-0","10.1109/INDIN51400.2023.10218292","","https://ieeexplore.ieee.org/stamp/stamp.jsp?arnumber=10218292","Meta-Models;Industrial Standards;Interoperability","Informatics;Interoperability;Information architecture","","2","","15","IEEE","22 Aug 2023","","","IEEE","IEEE Conferences"
"OPC UA PubSub and Industrial Controller Redundancy","B. Johansson; O. Holmgren; M. Dahl; H. Forsberg; T. Nolte; A. V. Papadopoulos","ABB Process Automation, Process Control Platform, Vasteras, Sweden; ABB Process Automation, Process Control Platform, Vasteras, Sweden; ABB Process Automation, Process Control Platform, Minden, Germany; Mälardalen University, Vasteras, Sweden; Mälardalen University, Vasteras, Sweden; Mälardalen University, Vasteras, Sweden",2024 IEEE 29th International Conference on Emerging Technologies and Factory Automation (ETFA),"16 Oct 2024","2024","","","01","08","Industrial controllers constitute the core of numerous automation solutions. Continuous control system operation is crucial in certain sectors, where hardware duplication serves as a strategy to mitigate the risk of unexpected operational halts due to hardware failures. Standby controller redundancy is a commonly adopted strategy for process automation. This approach involves an active primary controller managing the process while a passive backup is on standby, ready to resume control should the primary fail. Typically, redundant controllers are paired with redundant networks and devices to eliminate any single points of failure. The process automation domain is on the brink of a paradigm shift towards greater interconnectivity and interoperability. OPC UA is emerging as the standard that will facilitate this shift, with OPC UA PubSub as the communication standard for cyclic real-time data exchange. Our work investigates standby redundancy using OPC UA PubSub, analyzing a system with redundant controllers and devices in publisher-subscriber roles. The analysis reveals that failovers are not subscriber-transparent without synchronized publisher states. We discuss solutions and experimentally validate an internal stack state synchronization alternative.","1946-0759","979-8-3503-6123-0","10.1109/ETFA61755.2024.10710940","","https://ieeexplore.ieee.org/stamp/stamp.jsp?arnumber=10710940","","Redundancy;Process control;Control systems;Hardware;Real-time systems;Synchronization;Standards;Manufacturing automation;Interoperability;Communication standards","","","","26","IEEE","16 Oct 2024","","","IEEE","IEEE Conferences"
"Using Solana Blockchain and OPC UA for Trusted Third Party Industrial Robot Control Services","A. Vick; W. Chen; J. Krueger",NA; NA; NA,ISR Europe 2023; 56th International Symposium on Robotics,"18 Dec 2023","2023","","","332","337","Future manufacturing systems are characterized by independent and distributed process steps and equipment. This allows a maximum flexibility in terms of reconfiguration and changeover. However, the control of this equipment like industrial robots, conveyors and other periphery is often implemented on-site next to the devices in fixed control cabinet with proprietary software. One reason is the lack of availability and trust of other sources like online repositories and online control services. The implementation of cryptographic consensus mechanisms (aka Blockchain) in combination with Smart Contracts could close this gap. This work investigates the possibilities of integrating Blockchain technology into an Industrial Robot Control based on a virtual PLC with OPC UA interface. We propose a software gateway that connects to the Solana Blockchain Cluster and the OPC UA server at the same time, allowing to send and receive data between Blockchain and industrial equipment. The Smart Contract, deployed to the Blockchain, is implementing the control logic. The feasibility is demonstrated by driving an Industrial Robot Handling Process with a Solana Smart Contract in laboratory scale.","","978-3-8007-6140-1","","","https://ieeexplore.ieee.org/stamp/stamp.jsp?arnumber=10363091","","","","1","","","","18 Dec 2023","","","VDE","VDE Conferences"
"A OPC UA Based Execution Engine for Production Control in Decentral Organized Manufacturing","A. Ebner; F. Duewel; J. Pfrommer","Fraunhofer IOSB, Karlsruhe, Germany; Fraunhofer IOSB, Karlsruhe, Germany; Fraunhofer IOSB, Karlsruhe, Germany",2024 IEEE 22nd International Conference on Industrial Informatics (INDIN),"12 Dec 2024","2024","","","1","8","In cyber-physical production systems, the capabilities and states of field resources are continuously available. For adaptive and flexible production control, this information must be evaluated during process execution, which is often not done due to a static job shop schedule. With the presented Execution Engine, we demonstrate a system architecture for order-oriented, fully automated execution of production orders. For the representation of field resources and the interface to the production process control, the OPC UA standard is utilized. Based on an enriched description of the order production steps, an execution considering the states of individual field components is realized. The increased communication overhead is addressed by an OPC UA Aggregation Device Registry, which enables efficient pre-selection of field resources during runtime allocation.","2378-363X","979-8-3315-2747-1","10.1109/INDIN58382.2024.10774321","","https://ieeexplore.ieee.org/stamp/stamp.jsp?arnumber=10774321","","Schedules;Production systems;Runtime;Process control;Systems architecture;Production control;Manufacturing;Resource management;Engines;Standards","","1","","14","IEEE","12 Dec 2024","","","IEEE","IEEE Conferences"
"An Operational 5G Edge Cloud-Controlled Robotic Cell Environment Based on MQTT and OPC UA","D. A. -C. Rincon; A. E. Celik; W. Zhang; I. Rodriguez; S. Ç. Yavuz; P. Mogensen","Department of Electrical Engineering, Area of Signal Theory and Communications, University of Oviedo, Gijon, Spain; Universal Robots A/S, Odense SØ, Denmark; Department of Electronic Systems, Wireless Communication Networks Section, Aalborg University, Aalborg Øst, Denmark; Department of Electrical Engineering, Area of Signal Theory and Communications, University of Oviedo, Gijon, Spain; Department of Computer Engineering, Yildiz Technical University FBE, Istanbul, Turkey; Department of Electronic Systems, Wireless Communication Networks Section, Aalborg University, Aalborg Øst, Denmark",2023 21st International Conference on Advanced Robotics (ICAR),"1 Feb 2024","2023","","","7","14","This paper presents the design and implementation of a wireless robotic cell environment based on 5G and edge-cloud technologies. In the process, different control communication protocols and architectures concerning the MQTT and OPC UA IIoT standards are considered based on available reference implementations. The industrial-grade robotic cell is evaluated in operational conditions with a focus on the specifics of the underlying control communication effects, as well as on the impact on the industrial manufacturing use case. The experimental results demonstrated the effectiveness of the wireless 5G edge-cloud operation using both MQTT and OPC UA protocols, providing the required flexibility and reconfigurability, at expenses of an 8-9% increased production cycle time, as compared to the wired Ethernet reference.","2572-6919","979-8-3503-4229-1","10.1109/ICAR58858.2023.10406936","Innovation Fund Denmark; Spanish Ministry of Science and Innovation(grant numbers:RYC-2020-030676-I,MCIN/AEI/10.13039/501100011033); European Social Fund; ","https://ieeexplore.ieee.org/stamp/stamp.jsp?arnumber=10406936","","Wireless communication;Protocols;5G mobile communication;Service robots;Microprocessors;Computer architecture;Manufacturing","","","","22","IEEE","1 Feb 2024","","","IEEE","IEEE Conferences"
"Integrated Machine Vision and PLC Commanding for Efficient Bottle Label Detection in Industrial Processes: A Unified Approach for Quality Control","M. Akhmetov; D. Kanymkulov; A. Amirov; A. Askhatova; T. Alizadeh","Department of Robotics and Mechatronics, Nazarbayev University, Astana, Kazakhstan; Faculty of Mathematics and Natural Sciences, Heinrich Heine University Düsseldorf, Düsseldorf, Germany; Department of Electical and Computer Engineering, Nazarbayev University, Astana, Kazakhstan; Department of Robotics and Mechatronics, Nazarbayev University, Astana, Kazakhstan; Department of Robotics and Mechatronics, Nazarbayev University, Astana, Kazakhstan","2024 10th International Conference on Control, Automation and Robotics (ICCAR)","28 Jun 2024","2024","","","66","70","This paper presents an integrated approach to bottle label detection in industrial processes, combining machine vision techniques with Programmable Logic Controller (PLC) commanding for an efficient and reliable quality control system. The logic of the label detection station was developed using ladder diagrams to simulate the process and determine whether to retain or remove a bottle on the conveyor based on label presence. The image processing component, executed in Python, manipulated the main variable indicating the label's presence on the bottle. CODESYS was employed to visually represent the process, and in the simulation phase, the bottle traversed the conveyor, halting when the proximity sensor activated. Python code provided the labeling status, and the corresponding image was displayed on a simulation screen. To bridge the gap between image processing and logic control, the functionality of image processing in Python was linked with the CODESYS logic. An OPC UA server in CODESYS facilitated external connections, enabling Python to access and configure CODESYS variables. Challenges, such as scanning rate disparities between Python and CODESYS, were addressed through the introduction of sessions synchronized by a counter. Technical steps involved using an OPC UA client program to monitor server availability and access CODESYS program variables. The installation of the Security plugin in CODESYS ensured secure external connections. The project's key realization was the seamless linkage between image processing and PLC logic, demonstrating an effective integration of machine vision into industrial processes. For bottle label detection, the paper employed OpenCV for object recognition. The image segmentation method, utilizing adaptive thresholding, distinguished the bottle from its background, optimizing the separation process. Contours were identified using findContours(), and a thorough cleanup using arcLength() and approxPolyDP() functions ensured only relevant labels remained. The combination of geometric analysis and parameter optimization resulted in precise and effective label detection. In conclusion, the proposed approach showcases the successful integration of machine vision and PLC commanding for bottle label detection in industrial settings. The synergy between image processing and logic control offers a fast and error-free solution for quality control inspections, laying the groundwork for future advancements in industrial automation.","2251-2454","979-8-3503-7317-2","10.1109/ICCAR61844.2024.10569428","","https://ieeexplore.ieee.org/stamp/stamp.jsp?arnumber=10569428","Bottle Label Detection;Machine Vision;Image Processing;PLC Commanding;Quality Control;Industrial Automation;OPC UA server","Image segmentation;Thresholding (Imaging);Machine vision;Image processing;Process control;Quality control;Labeling","","3","","16","IEEE","28 Jun 2024","","","IEEE","IEEE Conferences"
"Semantic Information Extraction from Multi-modal Technical Document","N. Tufek","Siemens AG, Vienna University of Technology, Munich, Germany/Vienna, Austria",2023 18th Iberian Conference on Information Systems and Technologies (CISTI),"15 Aug 2023","2023","","","1","4","Industrial Standards such as OPC UA, IEC, IEEE standards etc., are the core of industrial automation as they enable an interoperable industrial ecosystem. These standards describe semantics that should be implemented by the machines that claim to follow them. However, these semantics are defined in textual format in the standard, which makes it challenging to verify the compliance of a standard-compliant machine description against the semantics defined in the standard. This hinders the interoperability between machines from different vendors. However, in the context of Industry 4.0, it is crucial to enable interoperability between machines and, thus, an open ecosystem to ensure industrial automation. Therefore, there is an urgent need to extract and formalize the semantics from the industry standards to facilitate the compliance verification of machine descriptions against industry standards. Currently, no comprehensive method is described in the state-of-the-art to address this issue. In this thesis, we investigate how to solve the problem of (semi-)automatically extracting and formalizing semantics from the industrial standard technical specifications using Semantic Web Technologies (SWT), Natural Language Processing (NLP), Machine Learning (ML) and knowledge-based information extraction methods. Mainly we focus on (i) Named Entity Recognition on the text of the technical documents; (ii) binary and multi-class rule (constraint) classification on limited annotated specific textual data; (iii) information extraction from tables, and (iv) finding the contextual similarity between the information from the text and the tables of the same document. We use OPC UA Companion Specifications as the first use case.","2166-0727","978-989-33-4792-8","10.23919/CISTI58278.2023.10211635","","https://ieeexplore.ieee.org/stamp/stamp.jsp?arnumber=10211635","Information Extraction;Natural Language Processing;Semantic Web;OPC UA","Industries;Text recognition;Semantics;Ecosystems;Information retrieval;Natural language processing;Data mining","","2","","19","","15 Aug 2023","","","IEEE","IEEE Conferences"
"Collection and Storage of Technological Data in Multi-Channel CNC Processing Using a Non-Relational Database and Node-RED","G. Martinov; K. Polyakov","Department of Computer-Architecture Control Systems, Moscow State University of Technology ""STANKIN"", Moscow, Russia; Department of Computer-Architecture Control Systems, Moscow State University of Technology ""STANKIN"", Moscow, Russia",2023 International Russian Automation Conference (RusAutoCon),"9 Oct 2023","2023","","","494","498","This article contemplates the problem of collecting and storing technological data during multichannel and multi - coordinate machining on CNC machines obtained using the OPC UA protocol and applying Node-RED open-source instrumentation. A structural model of obtaining, visualizing and storing technological data in multichannel and multi - coordinate machining is proposed in this research. The necessary nodes for Collection and storage of technological data in multi-channel CNC processing are implemented and configured. The researchers illustrated practical aspects of building a system for collecting and storing technological data in multichannel machining using the OPC UA protocol and applying Node-RED open-source tools and a non-relational MongoDB database.","2836-614X","979-8-3503-4555-1","10.1109/RusAutoCon58002.2023.10272848","Ministry of Higher Education; ","https://ieeexplore.ieee.org/stamp/stamp.jsp?arnumber=10272848","CNC system;collection and storage of technological data;OPC UA protocol;multi-channel machining;non-relational database","Industries;Visualization;Protocols;Instruments;Data visualization;Prototypes;Machining","","","","20","IEEE","9 Oct 2023","","","IEEE","IEEE Conferences"
"Research on the Application of Digital Twin in Bridge Rotation Construction","Y. Liu; F. Xu; Z. Yang; Y. Deng; X. Wang","State Key Laboratory of Rail, Transit Engineering Informatization(FSDI), Xi'an, China; School of Computer Science and Engineering, Xi'an Technological University, Xi'an, China; School of Computer Science and Engineering, Xi'an Technological University, Xi'an, China; School of Architecture and Engineering, Xi'an Technological University, Xi'an, China; School of Ordnance Science and Technology, Xi'an Technological University, Xi'an, China","2023 6th International Conference on Computer Network, Electronic and Automation (ICCNEA)","24 Oct 2023","2023","","","419","423","With the continuous expansion of China's high-speed railway network, the construction of bridges spanning existing railway lines has become increasingly common. Bridge transition, as a solution for constructing bridges on existing tracks, is crucial for ensuring safety during the construction phase. This research aims to utilize digital twin technology to monitor the construction of bridge transitions and address the limitations of traditional bridge monitoring methods. We employed the Unity3D game engine to create a digital twin virtual scene and facilitated seamless data exchange between the physical and virtual domains using the OPC UA data exchange mechanism. Ultimately, we developed a prototype system for monitoring bridge transition construction. This system effectively monitors critical information and activities during bridge construction, providing early warning capabilities and decision support throughout the construction process. Through the design and implementation of the system prototype, we have confirmed the feasibility of applying digital twin technology in bridge transition construction.","2770-7695","979-8-3503-0538-8","10.1109/ICCNEA60107.2023.00094","","https://ieeexplore.ieee.org/stamp/stamp.jsp?arnumber=10289052","Digital Twin;OPC UA;Bridge Crane Slewing;Unity3D","Bridges;Wireless communication;Prototypes;Games;Real-time systems;Rail transportation;Digital twins","","3","","17","IEEE","24 Oct 2023","","","IEEE","IEEE Conferences"
"Study and Development of Intelligent KPI Management System for Discrete Manufacturing Enterprises in Industry 4.0","M. Gu; L. Luo; P. Li","School of Mechanical Engineering, Tongji University No. 4800 Caoan Highway, Jiading District, Shanghai, China; Sino-German College of Postgraduate Studies, Tongji University No. 4800 Caoan Highway, Jiading District, Shanghai, China; School of Mechanical Engineering, Tongji University No. 4800 Caoan Highway, Jiading District, Shanghai, China",2023 4th International Conference on Mechatronics Technology and Intelligent Manufacturing (ICMTIM),"15 Sep 2023","2023","","","19","25","Key performance indicators (KPIs) are essential for manufacturing management and production optimization in discrete manufacturing enterprises. In the context of Industry 4.0, KPI management in discrete manufacturing enterprises struggles in obtaining large amounts of heterogeneous data, low transmission efficiency and poor real-time KPI evaluation. Towards the above-mentioned problems, this paper investigates the definition and characteristics of intelligent KPI management system in discrete manufacturing enterprises and designs a distributed application architecture of the system based on OPC UA protocol. On this basis, the system node functions and the production site deployment of the nodes are designed according to the production organization structure of the enterprises, to achieve accurate KPI real-time evaluation. Moreover, intelligent KPI optimization support is designed, which provides intelligent KPI optimization recommendation based on KPI optimization experience and optimization knowledge, as well as optimization task management for real-time tracking of optimization tasks. Finally, we adopt the Spring Boot framework to develop the cloud-intelligent KPI management system, which provides enterprise managers with a visual approach to digitally and intelligently manage KPIs.","","979-8-3503-1443-4","10.1109/ICMTIM58873.2023.10246680","","https://ieeexplore.ieee.org/stamp/stamp.jsp?arnumber=10246680","Key performance indicator (KPI);intelligent KPI management;OPC UA;distributed system;KPI optimization recommendation","Visualization;Production management;Protocols;Key performance indicator;Computer architecture;Real-time systems;Fourth Industrial Revolution","","1","","17","IEEE","15 Sep 2023","","","IEEE","IEEE Conferences"
"Open Reference Architecture for Sustainable Papermaking based on Industrial Interoperability Standards and Cloud-Native Technologies","P. Juhlin; R. Othen; A. Zehnpfund; C. Song; J. Schlake; A. Schmeiser; K. Kratzer; J. Sejdija; P. Kayser","Automation and Software Architecture, ABB AG Corporate Research Center Germany, Mannheim, Germany; Institut fur Textiltechnik, RWTH Aachen University, Aachen, Germany; Process Automation ABB AG, Mannheim, Germany; Process Automation ABB AG, Mannheim, Germany; Process Automation ABB AG, Mannheim, Germany; Innovation & Technology J.M. Voith SE & Co. KG, Heidenheim, Germany; Innovation & Technology J.M. Voith SE & Co. KG, Heidenheim, Germany; Institute NOWUM-Energy, University of Applied Sciences Aachen, Julich, Germany; Modellfabrik Papier gGmbH, Duren, Germany",2024 IEEE 29th International Conference on Emerging Technologies and Factory Automation (ETFA),"16 Oct 2024","2024","","","1","4","An open reference architecture is presented for sustainable papermaking based on a combined usage of open industrial interoperability standards such as the Asset Administration Shell, Functional Mockup Interface, AutomationML and OPC UA for modeling and exchanging information towards decarbonization of paper production. The models combine with containerized calculation modules and end-user services, extending the capabilities of existing production systems to support development of a scalable, modular, flexible, and interoperable framework for usage by various manufacturers. The vendor-neutral, domain-agnostic architecture can also be viewed as a blueprint for sustainable manufacturing in other industrial contexts.","1946-0759","979-8-3503-6123-0","10.1109/ETFA61755.2024.10711031","","https://ieeexplore.ieee.org/stamp/stamp.jsp?arnumber=10711031","pulp and paper;sustainable manufacturing;decarbonization;reference architecture;interoperability;Asset Administration Shell (AAS);Functional Mockup Interface (FMI);AutomationML (AML);OPC UA;Digital Product Passport (DPP)","Production systems;Low carbon economy;Manufacturing;Standards;Interoperability;Manufacturing automation","","1","","24","IEEE","16 Oct 2024","","","IEEE","IEEE Conferences"
"StateFlow as a Tool of the Hybrid X-in-the-Loop Technique in the Model-Based Design Approach to the Control Systems Design in Industrial Automation","M. Juhás; B. Juhásová; I. Halenár; M. Daňo; L. Halenárová; F. Burčiar","Faculty of Materials Science and Technology in Trnava, Institute of Applied Informatics, Automation and Mechatronics, Slovak University of Technology in Bratislava, Trnava, Slovakia; Faculty of Materials Science and Technology in Trnava, Institute of Applied Informatics, Automation and Mechatronics, Slovak University of Technology in Bratislava, Trnava, Slovakia; Faculty of Materials Science and Technology in Trnava, Institute of Applied Informatics, Automation and Mechatronics, Slovak University of Technology in Bratislava, Trnava, Slovakia; Faculty of Materials Science and Technology in Trnava, Institute of Applied Informatics, Automation and Mechatronics, Slovak University of Technology in Bratislava, Trnava, Slovakia; Faculty of Materials Science and Technology in Trnava, Institute of Applied Informatics, Automation and Mechatronics, Slovak University of Technology in Bratislava, Trnava, Slovakia; Faculty of Materials Science and Technology in Trnava, Institute of Applied Informatics, Automation and Mechatronics, Slovak University of Technology in Bratislava, Trnava, Slovakia",2024 21st International Conference on Mechatronics - Mechatronika (ME),"17 Dec 2024","2024","","","1","7","The rapid dynamics of changes in the definition of requirements when deploying new technologies means an increase in demands on the volume and scope of skills and knowledge of experts in the design of solutions and their implementation. PLC-based control systems designed for industrial automation can also be included in this problem area. The article deals with the possibility of rapid design and testing of PLC control algorithms using X-in-the-Loop techniques of Model-based Design approach. The control algorithm is implemented using visual programming techniques in the form of state diagrams utilizing the Matlab StateFlow tool. The given proposal is analyzed from the point of view of different approaches to the implementation of communication between the development PC and the real control PLC SIMATIC S7-300 connected to the real part of the model production line. Data exchange is carried out in two ways. The first way of communication is the exchange of uncompressed and compressed images of inputs and outputs via IP communication. The second way is to use the OPC UA architecture. The result of the article is a case study of the use of the XiL approach in the design phase of the control of the AFB Factory production line module with a summary of the possibilities, advantages and disadvantages of alternative partial solutions.","","979-8-3503-9490-0","10.1109/ME61309.2024.10789675","VEGA(grant numbers:1/0176/22,1/0193/22); ","https://ieeexplore.ieee.org/stamp/stamp.jsp?arnumber=10789675","StateFlow;UDP Socket;TCP Socket;OPC UA;XiL","Visualization;Automation;Mechatronics;Programming;Control systems;Mathematical models;Production facilities;Proposals;MATLAB;Testing","","","","18","IEEE","17 Dec 2024","","","IEEE","IEEE Conferences"
"The Role of Artificial Intelligence in Advancing Fracture Mechanics: Modeling, Prediction, and Data Analysis","V. Srivastava; N. K. Gupta; O. Raturi; N. Somani; M. Bhandwal; N. a. Chaudhary","Department of Mechanical Engineering, SGT University, Gurgaon, India; Department of Mechanical Engineering, DIT University, Dehradun, UK., India; Department of Mechanical Engineering, DIT University, Dehradun, UK., India; Department of Mechanical Engineering, DIT University, Dehradun, UK., India; Amity University in Tashkent, Uzbekistan; Amity University in Tashkent, Uzbekistan",2024 4th International Conference on Technological Advancements in Computational Sciences (ICTACS),"21 Jan 2025","2024","","","1678","1682","With the Internet of Things (loT) and the Industrial Internet of Things (1IoT) as key paradigms, industries and societies have been advanced by allowing systems to interconnect and making intelligent decisions. This paper examines the progress of the loT and IloT by specifically define the taxonomy, communication protocols and system integration for the two technologies. Whenever loT solutions are deployed, taxonomies provide the categorization of diverse constituents, functional relationships, and compositional hierarchies within these arrangements. MQTT, DDS, and OPC UA are discussed as important protocols and their functions, differences, and performance characteristics are compared and analyzed. The paper also aims to look at the integration framework of the IloT as this has the key function of ensure the compatibility between industrial operations and smart technologies. The concepts garnered through loT and IloT are explained by applying them in fields such as Smart Cities, Healthcare, Manufacturing and logistics etc. Nevertheless, some issues still present major questions such as scalability, interoperability and security. That is why this work underscores that there is a need to develop and improve protocols, which are necessary to overcome these challenges. As a synthesis of the current knowledge regarding loT and IloT, this work offers a valuable guide to researchers and practitioners trying to meet the great challenges of building reliable and efficient solutions to next generation interconnected systems.","","979-8-3503-8749-0","10.1109/ICTACS62700.2024.10840711","","https://ieeexplore.ieee.org/stamp/stamp.jsp?arnumber=10840711","Internet of Things (Io T);Industrial Internet of Things (IIoT);loT Taxonomies;Communication Protocols;MQTT;DDS;OPC UA;System Integration;Scalability;Interoperability;loT Security;Smart Systems;Industrial Automation;loT Applications;IIoT Frameworks","Industries;Protocols;Scalability;Taxonomy;Transforms;System integration;Security;Reliability;Artificial intelligence;Interoperability","","","","12","IEEE","21 Jan 2025","","","IEEE","IEEE Conferences"
"Model-Driven Integration of Analysis Components for Cyber-Physical Production Systems","P. Spaney; S. Becker","Institute of Software Engineering, University of Stuttgart, Stuttgart, Germany; Institute of Software Engineering, University of Stuttgart, Stuttgart, Germany",2023 49th Euromicro Conference on Software Engineering and Advanced Applications (SEAA),"1 Jan 2024","2023","","","167","170","In the course of the rapid development of Industry 4.0, manufacturing machinery is becoming ever more connected. Such Cyber-Physical Production Systems (CPPSs) produce large amounts of data, which can be used to analyze the system’s state and optimize its operation. To enable this analysis, the respective software components need to be interoperable with the CPPSs. While standards, such as OPC UA, provide interoperability on a technical protocol level, we see a vastly heterogeneous landscape of data models. Therefore, the integration of analysis components with their underlying CPPS is usually a laborious, manual process, also discouraging reuse. To facilitate the reuse of analysis software in this setting, we propose a model-driven method for integration with the underlying CPPS and the consumers of analysis results. Our contribution consists of (i) domain-specific languages for semantically enriched interface descriptions and simple mappings, (ii) a code generator toolchain to realize the specified mappings, and (iii) a simple, loosely coupled architecture for the resulting system.","2376-9521","979-8-3503-4235-2","10.1109/SEAA60479.2023.00033","","https://ieeexplore.ieee.org/stamp/stamp.jsp?arnumber=10371640","model-driven;integration;cyber-physical systems;OPC UA;manufacturing","Analytical models;Production systems;Protocols;Manuals;Software;Generators;Machinery","","","","17","IEEE","1 Jan 2024","","","IEEE","IEEE Conferences"
"Development of Robot Applications Utilizing Asset Administration Shell for Integrated Robotics Processes","S. Ryu; J. Jung; B. Song; J. Shin","Autonomous Manufacturing Research Center, Korea Electronics Technology Institute(KETI), Republic of Korea; Autonomous Manufacturing Research Center, Korea Electronics Technology Institute(KETI), Republic of Korea; Autonomous Manufacturing Research Center, Korea Electronics Technology Institute(KETI), Republic of Korea; Autonomous Manufacturing Research Center, Korea Electronics Technology Institute(KETI), Republic of Korea",2024 IEEE 29th International Conference on Emerging Technologies and Factory Automation (ETFA),"16 Oct 2024","2024","","","1","4","As the digital transformation of the manufacturing industry accelerates, the importance of data integration in manufacturing processes is increasingly emphasized. However, the use of heterogeneous equipment and diverse solutions in building processes hinders smooth data exchange, resulting in compatibility issues among equipment, systems, and data. To address these challenges, the Reference Architecture Model Industry 4.0 (RAMI 4.0) has been proposed as a reference model for Industry 4.0, utilizing the Asset Administration Shell (AAS) to ensure both vertical and horizontal interoperability. In this study, a robot manipulator was modeled using AAS, and the OPC UA protocol was applied to the modeled process elements. Additionally, a digital twin of the robot manipulator was built using MoveIt2 from higher-level systems, allowing for parameter-based control. This facilitates scenario-based integration with heterogeneous equipment such as PLCs, enabling the design of a flexible robot production system that can adapt to the tasks of heterogeneous equipment without human intervention.","1946-0759","979-8-3503-6123-0","10.1109/ETFA61755.2024.10711037","","https://ieeexplore.ieee.org/stamp/stamp.jsp?arnumber=10711037","Asset Administration Shell(AAS);OPC UA;Industry 4.0;ROS2;Robot Programming","Manufacturing industries;Production systems;Protocols;Manufacturing processes;Service robots;Programming;Manipulators;Fourth Industrial Revolution;Manufacturing automation;Interoperability","","","","8","IEEE","16 Oct 2024","","","IEEE","IEEE Conferences"
"Denormalized Database of HUST-PTF Beamline Control System","C. Liu; D. Li; B. Qin","State Key Laboratory of Advanced Electromagnetic Technology, Huazhong University of Science and Technology, Wuhan, China; State Key Laboratory of Advanced Electromagnetic Technology, Huazhong University of Science and Technology, Wuhan, China; State Key Laboratory of Advanced Electromagnetic Technology, Huazhong University of Science and Technology, Wuhan, China",2024 11th International Forum on Electrical Engineering and Automation (IFEEA),"18 Feb 2025","2024","","","1125","1129","Huazhong University of Science and Technology is developing a proton therapy facility (HUST-PTF) based on a superconducting cyclotron. To achieve the scheduling and control of various underlying devices in the beamline during beam transport, we designed a beamline control system (BCS) with distributed architecture based on OPC UA. Initially, we developed the Beam Control System (BCS) and built the control parts for underlying hardware, such as magnet power supply, degrader and beam diagnostics. However, due to the lack of beam database, we are unable to read and store data from the underlying hardware during beam commissioning, making it impossible to achieve subsequent automatic configuration for beam therapy. Therefore, we further design and develop a denormalized beam database based on the actual architecture, beam commissioning, and therapy requirements of HUST-PTF. By demoralizer, we store data in as few tables as possible, reducing join operations between tables, minimizing disk I/O operations, to accelerate data query speed. We also test the performance of beam database, verifying that the denormalized beam database could meet the actual beam commissioning and therapy requirements of HUST-PTF.","","979-8-3315-1661-1","10.1109/IFEEA64237.2024.10878728","National Natural Science Foundation of China(grant numbers:11975107); ","https://ieeexplore.ieee.org/stamp/stamp.jsp?arnumber=10878728","OPC UA;database;MySQL;proton therapy;beamline","Electrical engineering;Automation;Databases;Power supplies;Magnetic devices;Superconducting magnets;Control systems;Hardware;Proton therapy;Cyclotrons","","","","7","IEEE","18 Feb 2025","","","IEEE","IEEE Conferences"
"Practical IEEE 802.1AS-Based TSN Time Synchronization over Wi-Fi for Bare-Metal Devices","M. Schappacher; M. Gharsalli; A. Sikora; K. Naik; D. Welte; S. Hadian","Institute of Reliable Embedded Systems and Communication Electronics (ivESK) Offenburg University of Appl. Sciences, Offenburg, Germany; Institute of Reliable Embedded Systems and Communication Electronics (ivESK) Offenburg University of Appl. Sciences, Offenburg, Germany; Institute of Reliable Embedded Systems and Communication Electronics (ivESK) Offenburg University of Appl. Sciences, Offenburg, Germany; Institute of Reliable Embedded Systems and Communication Electronics (ivESK) Offenburg University of Appl. Sciences, Offenburg, Germany; Institute of Reliable Embedded Systems and Communication Electronics (ivESK) Offenburg University of Appl. Sciences, Offenburg, Germany; Institute of Reliable Embedded Systems and Communication Electronics (ivESK) Offenburg University of Appl. Sciences, Offenburg, Germany",2024 IEEE International Conference on Advanced Networks and Telecommunications Systems (ANTS),"3 Mar 2025","2024","","","1","6","Recent advances in wireless technologies providing flexibility, mobility, low wiring costs and high reliability have generated significant interest in extending Time-Sensitive Networking (TSN) capabilities over wireless networks. As an example, the integration of OPC Unified Architecture (OPC UA) - a successor of Open Platform Communication (OPC) over Wi-Fi TSN networks has gained significant importance in industrial automation and the Internet of Things (IoT) since it enables reliable and deterministic communication in wireless networks. This is essential in high-interference and low-latency environments. However, given the stochastic nature of wireless communication channels, enabling TSN capabilities — originally designed for Ethernet networks —comes with certain challenges, with time synchronization being one of them. This is especially true for low-cost embedded commercial off-the-shelf (COTS) devices that often lack dedicated hardware support. We present a prototype implementation that is mostly compliant to standard time synchronization over Wi-Fi, on a low-cost embedded platform and without additional components. We use a bare-metal generalized Precision Time Protocol (gPTP) implementation that we adopted to support Wi-Fi links in addition to traditional Ethernet networks to enable heterogeneity. We highlight the challenges, especially with respect to the HW / SW requirements and show the current status and performance of our developments which show that we can achieve a synchronization accuracy in the range of below $10, \mu \mathrm{~s}$, with low power consumption and using standard devices.","2153-1684","979-8-3503-9172-5","10.1109/ANTS63515.2024.10898348","","https://ieeexplore.ieee.org/stamp/stamp.jsp?arnumber=10898348","TSN;OPC UA;Wi-Fi;WLAN;IEEE802.11;TSF;FTM;time synchronization;gPTP;IEEE802.1AS;IEEE1588;low-cost platforms;Industry 4.0;embedded devices","Wiring;Wireless networks;Prototypes;Ethernet;Telecommunications;Synchronization;Telecommunication network reliability;Internet of Things;Wireless fidelity;Standards","","","","21","IEEE","3 Mar 2025","","","IEEE","IEEE Conferences"
"Free Software and Open-Source Hardware for Industrial Automation","B. Balakrishna; I. Tyagov; S. Franck","NGNI, Fraunhofer FOKUS, Berlin, Germany; IT Nexedi, Kuklen, Bulgaria; IT Nexedi, Lille, France",2023 IEEE 32nd International Symposium on Industrial Electronics (ISIE),"31 Aug 2023","2023","","","1","6","Emerging technologies are aiming to fully automate the manufacturing process on the factory shop floor. However, industrial automation is often hampered by interoperability and vendor lock-in challenges due to heterogeneous components and environments. Replacement of these components is costly and even lower price devices will pose new technology gaps and shortcomings in interoperability capabilities thus slowing down manufacturing processes and causing additional costs. True industrial automation and integration requires interoperability and free software as well as open source hardware are two means to eliminate interoperability blockers and also benefit from reduced costs. As part of the Open Source Industrial Edge (OSIE) project, we are working with open source and open hardware devices using Open Platform Communication Unified Architecture (OPC UA) for vendor-independent unified communication. In this paper we develop an end-to-end open source industrial use case to control input/output pins using a Virtual Programmable Logic Controller (vPLC). We validated our deterministic communication with a test-bed made up from an edge server and a field level device. The test results present a detailed overview of the latency and jitter observed during communication.","2163-5145","979-8-3503-9971-4","10.1109/ISIE51358.2023.10228098","Eurostars; ","https://ieeexplore.ieee.org/stamp/stamp.jsp?arnumber=10228098","Open Source;Industry 4.0;Interoperability;Communication;OPC UA;Edge Computing","Automation;Manufacturing processes;Costs;Programmable logic devices;Software;Production facilities;Open source hardware","","","","23","IEEE","31 Aug 2023","","","IEEE","IEEE Conferences"
"Augmented Reality and Digital Twin for Mineral Industry","D. Francisco; A. Cruz; N. Rodrigues; A. Gonçalves; R. Ribeiro","CIIC - ESTG - IPLeiria, Leiria, Portugal; CIIC - ESTG - IPLeiria, Leiria, Portugal; CIIC - ESTG - IPLeiria, Leiria, Portugal; CIIC - ESTG - IPLeiria, Leiria, Portugal; CIIC - ESTG - IPLeiria, Leiria, Portugal",2023 International Conference on Graphics and Interaction (ICGI),"19 Mar 2024","2023","","","1","8","Nowadays, industrial companies are constantly looking to increase production, reduce downtime and detect anomalies in manufacturing processes. Considering these challenges, a solution is proposed that uses the concept of a Digital Twin (DT) for machine monitoring and Augmented Reality (AR). The aim is to provide mineral factories with improved insight into the performance of their production line machines. This solution can help detect anomalies in manufacturing processes, resulting in reduced material costs with the support of an Open Platform Communications Unified Architecture (OPC UA). The solution developed enables real-time monitoring of sensor data from each machine using AR smart glasses that provide hands-free visualization, eliminating the need for additional equipment. It also allows the management of educational content to be shown to Factory Floor Workers (FFW), which can potentially reduce training time and human resource costs. The positive response from users during the tests demonstrated the potential for the solution to be used in the industry.","","979-8-3503-5817-9","10.1109/ICGI60907.2023.10452719","","https://ieeexplore.ieee.org/stamp/stamp.jsp?arnumber=10452719","Mineral Industry;Internet of Things;OPC UA;Real-time Data;Digital Twin;Augmented Reality","Training;Industries;Manufacturing processes;Glass;Production facilities;Real-time systems;Minerals","","2","","23","IEEE","19 Mar 2024","","","IEEE","IEEE Conferences"
"RealCaPP: Real-Time Capable Plug & Produce Service Architecture for Distributed Robot Control","C. Eymuller; J. Hanke; A. Poeppel; C. Wanninger; W. Reif","Institute for Software and Systems Engineering, University of Augsburg, Germany; Institute for Software and Systems Engineering, University of Augsburg, Germany; Institute for Software and Systems Engineering, University of Augsburg, Germany; Institute for Software and Systems Engineering, University of Augsburg, Germany; Institute for Software and Systems Engineering, University of Augsburg, Germany",2023 Seventh IEEE International Conference on Robotic Computing (IRC),"25 Mar 2024","2023","","","352","355","The industry is transforming from mass production to individual production in which each product can be unique. This change requires the ability to easily add, replace, or remove plant components at runtime to make plants flexible and adaptable. Another important point for flexible production is that not only hardware components can be added, changed, or removed, but also software components can be distributed to different system components at runtime. All of this can be summarized under the term Plug & Produce. Therefore, we propose a service architecture that can distribute modular software components across multiple control devices at runtime.","","979-8-3503-9574-7","10.1109/IRC59093.2023.00063","","https://ieeexplore.ieee.org/stamp/stamp.jsp?arnumber=10473537","Distributed Robot Control;SOA;Real-Time;OPC UA;TSN","Performance evaluation;Industries;Mass production;Runtime;Robot control;Computer architecture;Production","","4","","11","IEEE","25 Mar 2024","","","IEEE","IEEE Conferences"
"Design and Implementation of Multi-Source Heterogeneous Integrated Equipment for Environmental Monitoring of Cultural Relics","F. Li; Z. Wang; Q. Zheng","Instrumentation Technology and Economy Institute, Beijing, China; Instrumentation Technology and Economy Institute, Beijing, China; Instrumentation Technology and Economy Institute, Beijing, China","2024 IEEE 3rd International Conference on Electrical Engineering, Big Data and Algorithms (EEBDA)","8 Apr 2024","2024","","","316","323","In view of the numerous heterogeneous devices and protocols in the environmental monitoring system for the preservation of cultural relics, the overall architecture and scheme of multi-source heterogeneous network integration were proposed. Based on the analysis of the overall framework of the environmental monitoring system, the overall scheme of heterogeneous network integration equipment is proposed and the implementation scheme is introduced by modules based on modularization thinking. Through software design and transplantation, the feasibility of the scheme is proved. The heterogeneous network fusion equipment can realize the collection and integration of heterogeneous data from multiple sources, and can promote the integrated development of environmental monitoring system for cultural relics and other museum holdings.","","979-8-3503-8098-9","10.1109/EEBDA60612.2024.10485804","","https://ieeexplore.ieee.org/stamp/stamp.jsp?arnumber=10485804","Protection of cultural relics;Environmental monitoring;5G;Private agreements;OPC UA","Software design;Protocols;Operating systems;Software algorithms;Systems architecture;Heterogeneous networks;Software","","1","","2","IEEE","8 Apr 2024","","","IEEE","IEEE Conferences"
"Intelligent Safety Life Jacket Using Wsn Technology","P. S. Neethu; R. G. Jesuwanth Sugesh; K. Praghash; T. Annalakshmi; G. Sushanth; D. Praveen","Department of Electronics and Communication Engineering, School of Engineering and Technology, CHRIST (Deemed to be University), Bengaluru, Karnataka; Department of Electronics and Communication Engineering, School of Engineering and Technology, CHRIST (Deemed to be University), Bengaluru, Karnataka; Department of Electronics and Communication Engineering, School of Engineering and Technology, CHRIST (Deemed to be University), Bengaluru, Karnataka; Department of Electronics and Communication Engineering, S A Engineering College, Chennai; Department of Electronics and Communication Engineering, School of Engineering and Technology, CHRIST (Deemed to be University), Bengaluru, Karnataka; Department of Electronics and Communication Engineering, School of Engineering and Technology, CHRIST (Deemed to be University), Bengaluru, Karnataka","2023 International Conference on the Confluence of Advancements in Robotics, Vision and Interdisciplinary Technology Management (IC-RVITM)","21 Feb 2024","2023","","","1","5","The body loses heat in hypothermia because it cannot maintain its internal temperature owing to a freezing environment. As a result, the body temperature will decrease rapidly. The person will lose consciousness or faint when the body temperature falls below 35°C. This study targets detecting climbers’ hypothermia and transmitting their health status to the climber’s group. It is difficult for mountain climbers to check their health and hypothermia symptoms for themselves and their climbing companions. To address this issue, we created a life jacket with an integrated hardware kit with a Peltier, temperature, and pulse sensor. LoRa Network is used to communicate with the climber’s group. Alert messages are delivered to mountaineers via the Android app and suitable protocols, which helps save the climbers if any discrepancies occur.","","979-8-3503-0608-8","10.1109/IC-RVITM60032.2023.10435024","","https://ieeexplore.ieee.org/stamp/stamp.jsp?arnumber=10435024","Automation;OPC-UA;Conveyor;Sensors","Temperature sensors;Wireless sensor networks;Technology management;Protocols;Robot sensing systems;Real-time systems;Safety","","1","","20","IEEE","21 Feb 2024","","","IEEE","IEEE Conferences"
"Digital Shadow Enabled Integrated Multi-platform Automation System for Industrial Assembly","A. Revankar; D. Halapeti; S. Vengurlekar; A. C. Giriyapur","Department of Automation & Robotics, KLE Technological University, Hubballi, India; Department of Automation & Robotics, KLE Technological University, Hubballi, India; Department of Automation & Robotics, KLE Technological University, Hubballi, India; Department of Automation & Robotics, KLE Technological University, Hubballi, India","2024 IEEE International Conference on Electronics, Computing and Communication Technologies (CONECCT)","20 Sep 2024","2024","","","1","6","This paper presents a fully autonomous assembly line for custom cubes with two sub-block options (plastic and aluminium). Users can design their cubes through an Android app or website interface. The system retrieves orders, processes them based on deadlines, and dispenses the required sub-blocks. A quality inspection station with computer vision and machine learning ensures that defect-free parts are used. Cobots handle sub-block transportation and manipulation throughout the assembly process, with a dedicated station for inserting pins when necessary. A digital Shadow model facilitates performance analysis and optimization. Cloud-based platforms manage data, order processing, and remote access. Finally, an Automated Storage and Retrieval System (ASRS) manages cube storage and delivery. This research demonstrates the potential of combining automation, machine learning, and real-time monitoring for efficient custom product assembly. The approach offers applications in various industries and lays the groundwork for future research on expanding customization options and production flow optimization.","2766-2101","979-8-3503-8592-2","10.1109/CONECCT62155.2024.10677321","","https://ieeexplore.ieee.org/stamp/stamp.jsp?arnumber=10677321","Digital-shadow;Robotic assembly line;Pneumatic systems;Industry 4.0;IoT;Control strategy optimization;MATLAB Simulink;OPC UA server;PLCs","Industries;Toy manufacturing industry;Transportation;Machine learning;Production;Collaborative robots;Storage automation","","","","9","IEEE","20 Sep 2024","","","IEEE","IEEE Conferences"
"Application of Voice Navigation System in Assembly Line Workshop Production Work","R. Chen; W. Guan; L. Lin; Z. Meng; Z. He; W. He; Y. Wu; Z. Wu; Z. Chen","China Tobacco Guangdong Industrial Co., Ltd., Guangzhou, China; China Tobacco Guangdong Industrial Co., Ltd., Guangzhou, China; China Tobacco Guangdong Industrial Co., Ltd., Guangzhou, China; China Tobacco Guangdong Industrial Co., Ltd., Guangzhou, China; China Tobacco Guangdong Industrial Co., Ltd., Guangzhou, China; China Tobacco Guangdong Industrial Co., Ltd., Guangzhou, China; China Tobacco Guangdong Industrial Co., Ltd., Guangzhou, China; China Tobacco Guangdong Industrial Co., Ltd., Guangzhou, China; China Tobacco Guangdong Industrial Co., Ltd., Guangzhou, China",2024 International Conference on Artificial Intelligence and Digital Technology (ICAIDT),"1 Aug 2024","2024","","","241","246","The current silk-making workshop equipment in cigarette factories is relatively large and covers a wide area, and most of them adopt the form of centralized control. It is difficult for operators to pay attention to real-time production conditions and detect production abnormalities in a timely manner. It can easily lead to problems such as safety accidents, process quality accidents, and material loss caused by untimely handling of abnormal shutdowns. To solve these problems, it is necessary to develop a production voice navigation system. By collecting equipment PLC signals and production management system work order information, voice navigation information is formulated, including production rhythm, material logistics, alarm information, etc It can effectively improve operating efficiency and detect production abnormalities early.","","979-8-3503-8690-5","10.1109/ICAIDT62617.2024.00059","","https://ieeexplore.ieee.org/stamp/stamp.jsp?arnumber=10608794","voice broadcast;OPC UA communication;TTS;Silk production","Navigation;Conferences;Production;Rhythm;Real-time systems;Production facilities;Safety","","","","10","IEEE","1 Aug 2024","","","IEEE","IEEE Conferences"
"Methods of data streaming from IEC 61499 applications to Cloud storages","T. Lyu; N. Galkin; T. Liakh; C. -W. Yang; V. Vyatkin","Department of Electrical Engineering and Automation, Aalto University, Espoo, Finland; Department of Computer Science, Computer and Space Engineering, Luleå Tekniska Universitet, Sweden; Department of Computer Science, Computer and Space Engineering, Luleå Tekniska Universitet, Sweden; Department of Computer Science, Computer and Space Engineering, Luleå Tekniska Universitet, Sweden; Department of Computer Science, Computer and Space Engineering, Luleå Tekniska Universitet, Sweden",2023 IEEE 32nd International Symposium on Industrial Electronics (ISIE),"31 Aug 2023","2023","","","1","6","This paper presents and discusses two methods for collecting data from decentralised control applications designed in IEC 61499 architecture. The topic is justified by the growing use of Cloud-based storage and presentation services in the Internet-of-Things systems. Enabling IEC 61499 devices with the capabilities of storing data in the Cloud and using web-based data presentation and data analytics is of great practical importance. Moreover, what is the most elegant way to configure such data streaming in IEC 61499 is an open question, to solving which this paper aims to provide state-of-the-art information.","2163-5145","979-8-3503-9971-4","10.1109/ISIE51358.2023.10228163","Horizon Europe; European Commission; ","https://ieeexplore.ieee.org/stamp/stamp.jsp?arnumber=10228163","IEC61499;data streaming;OPC UA;Cloud services","Industrial electronics;Cloud computing;Data analysis;Decentralized control;IEC Standards","","","","12","IEEE","31 Aug 2023","","","IEEE","IEEE Conferences"
"Optimizing Renewable Energy Using Scalable Solutions: IoT Integration in Renewable Energy Laboratories","S. S. Mirsafian; C. Hericks; L. O. Speith; M. Thoben; M. Kiel; Y. Rosefort; T. Füg; V. Rajamani; S. Gößling; S. Subbarao","Dept. of Mechanical Engineering, University of Applied Sciences and Arts Dortmund, Dortmund, Germany; Dept. of Electrical Engineering, University of Applied Sciences and Arts Dortmund, Dortmund, Germany; Dept. of Electrical Engineering, University of Applied Sciences and Arts Dortmund, Dortmund, Germany; Dept. of Mechanical Engineering, University of Applied Sciences and Arts Dortmund, Dortmund, Germany; Dept. of Electrical Engineering, University of Applied Sciences and Arts Dortmund, Dortmund, Germany; Dept. of Mechanical Engineering, University of Applied Sciences and Arts Dortmund, Dortmund, Germany; Dept. of Electrical Engineering, University of Applied Sciences and Arts Dortmund, Dortmund, Germany; Dept. of Mechanical Engineering, University of Applied Sciences and Arts Dortmund, Dortmund, Germany; Dept. of Mechanical Engineering, University of Applied Sciences and Arts Dortmund, Dortmund, Germany; Dept. of Mechanical Engineering, National Institute of Engineering, Mysore, India",2024 8th International Conference on Computational System and Information Technology for Sustainable Solutions (CSITSS),"1 Jan 2025","2024","","","1","6","This article presents one of the work results from the Cloud Energy Lab (CBEN) research project. The study explores how integrating Internet of Things (IoT) technology into laboratory devices enhances research efficiency, reduces equipment costs, and accelerates experimental processes without additional expenses. The project supports the development of scalable energy systems like electrical grids by enabling cloud-based data exchange between electrical resources, such as fuel cells and E-Drive test benches. It describes the project's IoT structure, showcasing test benches in different labs: a high-voltage battery simulator, an E-Drive test bench in the Electric Drives Lab, and a fuel cell test bench in the Vehicle Drives Lab. Data exchange between these test benches is facilitated by IoT technology, specifically OPC UA and MQTT, for cloud and inter-bench communication. Each test bench has defined interfaces, with equipment modeled as distinct components in MATLAB/Simulink software. This setup connects OPC UA server hardware via test benches or HTTP interfaces to the cloud for parameter setting and data capture, integrating models to form an automotive system for investigating electric and fuel-cell vehicles. Finally, the efficiency of various power scales between E-Drive and fuel cell test benches is evaluated. Key results show improved fuel cell design area, optimized energy flow, and significant cost savings through reduced equipment needs enabled by IoT and cloud technologies. These advancements contribute to the scalability of microgrids and simplify renewable energy integration without requiring co-located labs or large-scale power devices.","2767-1097","979-8-3315-0546-2","10.1109/CSITSS64042.2024.10816787","","https://ieeexplore.ieee.org/stamp/stamp.jsp?arnumber=10816787","Internet of Things;AI;MQTT;OPC UA;MATLAB;battery simulator;hydrogen;fuel cell;renewable resources;microgrids;electric vehicles;fuel cell vehicles","Cloud computing;Renewable energy sources;Costs;Scalability;Fuel cells;System integration;Software;Batteries;Internet of Things;Servers","","","","11","IEEE","1 Jan 2025","","","IEEE","IEEE Conferences"
"Enhancing Factory Automation Through Facial Recognition Using Phoenix PLC and Factory I/O","J. S; T. M; A. K. A; B. K. D; D. P","Department of EIE, Kongu Engineering College, Erode, Tamil Nadu, India; Department of EIE, Kongu Engineering College, Erode, Tamil Nadu, India; Department of EIE, Kongu Engineering College, Erode, Tamil Nadu, India; Department of EIE, Kongu Engineering College, Erode, Tamil Nadu, India; Department of EIE, Kongu Engineering College, Erode, Tamil Nadu, India",2024 9th International Conference on Communication and Electronics Systems (ICCES),"6 Feb 2025","2024","","","2013","2019","This research study explores the integration of facial recognition technology to enhance factory automation, utilizing Phoenix PLC and Factory I/O in a secure and efficient manner. The system employs a face terminal to capture and authenticate facial data, which is transmitted to a web server via Ngrok for secure communication. A Python script processes the facial data and, upon successful authentication, sends an access-granted message through MQTT to initiate automated actions. Node-RED facilitates the communication flow, with MQTT nodes receiving messages and OPC UA nodes delivering control commands to the Phoenix PLC. The PLC interfaces with Factory I/O, a simulation software, to trigger specific operations based on personnel authentication. This approach combines security and automation, ensuring only authorized personnel can initiate factory processes while optimizing operational efficiency. By leveraging MQTT for low-latency communication and OPC UA for reliable control, this methodology offers a seamless and secure solution for intelligent factory automation, highlighting the potential of interconnected systems in Industry 4.0.","","979-8-3503-7797-2","10.1109/ICCES63552.2024.10860204","","https://ieeexplore.ieee.org/stamp/stamp.jsp?arnumber=10860204","Facial recognition;factory automation;Phoenix PLC;MQTT;OPC UA","Face recognition;Authentication;Production facilities;Software;Web servers;Software reliability;Fourth Industrial Revolution;Personnel;Manufacturing automation;Testing","","","","15","IEEE","6 Feb 2025","","","IEEE","IEEE Conferences"
"Implementing a Flexible IIoT Service Framework with Microservices: A Case Study of Machine Tools","W. -C. Chen; B. -Y. Ji; H. -H. Chen; G. -B. Wang; C. -K. Li","Department of Computer Science & Communication Engineering, Providence University, Taichung, Taiwan; Department of Computer Science & Communication Engineering, Providence University, Taichung, Taiwan; Department of Computer Science & Communication Engineering, Providence University, Taichung, Taiwan; Department of Computer Science & Communication Engineering, Providence University, Taichung, Taiwan; Department of Computer Science & Information Management, Providence University, Taichung, Taiwan","2024 IEEE 4th International Conference on Electronic Communications, Internet of Things and Big Data (ICEIB)","2 Aug 2024","2024","","","110","115","With the continuous attention given to “smart manufacturing” and “smart factories,” the importance of equipment networking and data collection has been increasing. One key issue is the standardization of equipment networking. Currently, Modbus and OPC/UA are important communication protocols in machine networking. However, software engineers who mainly focus on developing user interfaces and business logic are not proficient in dealing with communication protocols. Therefore, it becomes crucial to enable IT application software engineers to easily interface with various OPC/UA and Modbus machines. Due to the requirements of integration and application of various PLC devices in the machine tool industry, we designed an efficient and flexible IIoT Gateway framework. With the assistance of the IIoT Gateway, IT application engineers developing the ERP/MES systems can easily exchange data (with read and write operations) with various PLC machines. Additionally, to meet the requirements of high performance, the system's functional modules have been designed using multi-threading, asynchronous, and non-blocking techniques. To achieve flexibility in functionality expansion, deployment, high reusing, and low coupling of modules, the Spring Cloud framework has been used to implement microservices and API design for the functional modules. In the future, various system data exchanging and visualization can be facilitated through technologies such as Micrometer/Prometheus, MQTT/Node-RED, and others for convenient logging and tracking.","","979-8-3503-6072-1","10.1109/ICEIB61477.2024.10602702","","https://ieeexplore.ieee.org/stamp/stamp.jsp?arnumber=10602702","OPC UA;Modbus;Microservices;IIoT Gateway","Performance evaluation;Protocols;Microservice architectures;Standardization;Logic gates;Machine tools;Logic","","","","13","IEEE","2 Aug 2024","","","IEEE","IEEE Conferences"
"Integration of ABB Robot Manipulators and Robot Operating System for Industrial Automation","M. R. Diprasetya; S. Yuwono; M. Löppenberg; A. Schwung","Department of Automation Technology and Learning Systems, South Westphalia University of Applied Sciences, Soest, Germany; Department of Automation Technology and Learning Systems, South Westphalia University of Applied Sciences, Soest, Germany; Department of Automation Technology and Learning Systems, South Westphalia University of Applied Sciences, Soest, Germany; Department of Automation Technology and Learning Systems, South Westphalia University of Applied Sciences, Soest, Germany",2023 IEEE 21st International Conference on Industrial Informatics (INDIN),"22 Aug 2023","2023","","","1","7","The integration of advanced robotic technologies with modern software platforms has enabled significant advancements in industrial automation. This paper aims to introduce a novel workflow to integrate ABB industrial robot manipulators and the Robot Operating System (ROS), where communication is built through OPC Unified Architecture or a virtual controller with EGM+RWS. Moreover, we also provide a method to deploy the ROS environment using container technology in our workflow. The developed workflow was tested and evaluated in a real-world welding application, demonstrating its capability to automate the welding process of steel looped hooks for supermarket shelves with high accuracy and efficiency, in which the path planner for the robot is obtained from MoveIt by ROS. The introduced workflow can also be integrated with the MLPro framework, which enriches the workflow with machine learning-related algorithms, e.g. for path planning. The results of this study demonstrate the potential of integrating ABB industrial robot manipulators with ROS for industrial process automation and highlight the benefits of using ROS as a software platform for industrial robotics applications.","2378-363X","978-1-6654-9313-0","10.1109/INDIN51400.2023.10217964","","https://ieeexplore.ieee.org/stamp/stamp.jsp?arnumber=10217964","Robotics;robot manipulators;industrial automation;path planning;ROS;RobotStudio;Docker;OPC UA;MoveIt;ABB","Automation;Service robots;Welding;Operating systems;Industrial robots;Path planning;Software","","6","","26","IEEE","22 Aug 2023","","","IEEE","IEEE Conferences"
"Overview and Comparison of Asset Information Model Standards","T. Miny; M. Thies; L. Lukic; S. Käbisch; K. Oladipupo; C. Diedrich; T. Kleinert","Chair of Information and Automation Systems for the Process and Material Technology, RWTH Aachen University, Aachen, Germany; Chair of Information and Automation Systems for the Process and Material Technology, RWTH Aachen University, Aachen, Germany; SysTec Systemtechnik und Industrieautomation GmbH, Bergheim, Germany; Siemens AG, Munich, Germany; Chair of Integrated Automation, Otto von Guericke University Magdeburg, Magdeburg, Germany; Chair of Integrated Automation, Otto von Guericke University Magdeburg, Magdeburg, Germany; Chair of Information and Automation Systems for the Process and Material Technology, RWTH Aachen University, Aachen, Germany",IEEE Access,"19 Sep 2023","2023","11","","99189","99221","Different organizations are currently working on concepts and standards pertaining to the integration of industrial automation devices into a communication network. For manufacturers, suppliers, integrators, and operators of automation components, the variety of available protocols for information exchange raises the question of which standard to use. To address this question, this contribution provides an overview of different standards for the virtual description of an automation device in the context of device integration and presents a detailed comparison of the following selected standards: W3C WoT Thing Description, Asset Administration Shell, Digital Factory Framework, Automation Markup Language, Module Type Package, OPC UA Process Automation - Device Information Model, and Field Device Integration. These standards are compared with respect to four categories: 1) Representation of a property; 2) Representation of services; 3) Information modeling for direct automation device access; and 4) Mechanism for discovery. The comparison is summarized in an evaluation of the suitability of each standard for different use cases. Since none of the standards fully covers all use cases generic integration strategies are presented for combining the device information models. Finally, a description of a demonstration showcasing this integration, including an implementation as a proof of concept, concludes this contribution.","2169-3536","","10.1109/ACCESS.2023.3312286","","https://ieeexplore.ieee.org/stamp/stamp.jsp?arnumber=10239408","Asset administration shell (AAS);automation markup language (AML);field device integration (FDI);industrial automation device;integration standards;module type package (MTP);OPC UA process automation–device information model (PA-DIM);W3C web of thing–thing description (W3C TD)","Automation;Standards;Information exchange;Industries;W3C;Task analysis;Semantics;Asset management;Industrial facilities","","6","","88","CCBY","5 Sep 2023","","","IEEE","IEEE Journals"
"Papyrus4Manufacturing: A Model-Based Systems Engineering approach to AAS Digital Twins","S. Dhouib; Y. Huang; A. Smaoui; T. Bhanja; V. Gezer","CEA, List, Université Paris-Saclay, Palaiseau, France; CEA, List, Université Paris-Saclay, Palaiseau, France; CEA, List, Université Paris-Saclay, Palaiseau, France; Innovative Factory Systems, German Research Center for Artificial Intelligence (DFKI), Kaiserslautern, Germany; Innovative Factory Systems, German Research Center for Artificial Intelligence (DFKI), Kaiserslautern, Germany",2023 IEEE 28th International Conference on Emerging Technologies and Factory Automation (ETFA),"12 Oct 2023","2023","","","1","8","As digital twins gain momentum in their usage in diverse domains, the concept of Asset Administration Shells (AAS) has become very relevant for achieving the digital twin approach, where Administration Shells are the digital representation of physical assets. Being a relatively new concept in the Industrial Internet of Things (IIoT) domain, the tools and approaches for creating and deploying AASs are likewise in infancy. This paper introduces an open-source tool, Papyrus4Manufacturing, which provides a model-based systems engineering approach to the AAS. This toolset supports the creation of AAS digital twins from modeling to automatic deployment and connection to assets using the OPC UA protocol. This paper also includes an evaluation of its usability, as it is put to test with an academic use case.","1946-0759","979-8-3503-3991-8","10.1109/ETFA54631.2023.10275523","","https://ieeexplore.ieee.org/stamp/stamp.jsp?arnumber=10275523","Digital Twins;Asset Administration Shell;Model-Based System Engineering;Unified Modelling Language;UML Profiles;Generative Software Engineering;OPC UA;BaSyx;Eclipse Papyrus","Protocols;Databases;Memory;Software;Digital twins;Servers;Modeling","","6","","27","IEEE","12 Oct 2023","","","IEEE","IEEE Conferences"
"Integrating Computer Vision in a CODESYS PLC to Enable Intelligent Object Identification","D. Filimonov; A. Onabek; K. Smolyarchuk; T. Alizadeh","Robotics Engineering, SEDS Nazarbayev University Astana, Kazakhstan; Robotics Engineering, SEDS Nazarbayev University Astana, Kazakhstan; Robotics Engineering, SEDS Nazarbayev University Astana, Kazakhstan; Robotics Engineering, SEDS Nazarbayev University Astana, Kazakhstan",2024 9th International Conference on Mechatronics Engineering (ICOM),"4 Sep 2024","2024","","","65","70","This research investigates the synergy between com-puter vision and programmable logic controllers (PLCs) for enhancing material recycling efficiency. Focusing on aluminum can and glass bottle recycling, this study develops and simulates a user-centric vending machine system. The system employs a convolutional neural network (CNN) for accurate object recog-nition, integrated with a PLC-based control system via the OPC UA communication protocol. By incentivizing recycling through discount offers, the vending machine aims to promote sustainable waste management practices. Successful simulation demonstrates the feasibility of this approach, highlighting the potential for computer vision and PLC integration in the development of advanced recycling solutions.","","979-8-3503-4978-8","10.1109/ICOM61675.2024.10652332","","https://ieeexplore.ieee.org/stamp/stamp.jsp?arnumber=10652332","Convolutional neural network;Computer vision;Programmable logic controller;Industrial automation;OPC UA","Waste management;Computer vision;Protocols;System performance;Programmable logic devices;Real-time systems;Recycling","","2","","20","IEEE","4 Sep 2024","","","IEEE","IEEE Conferences"
"Model-Based Co-Simulation Method for PLC Programming: Interaction Design and Optimization","J. Lan; W. Zou; Q. Xu; Y. Lai; S. Zhu","Department of Automation, Shanghai Jiao Tong University, Shanghai, China; Department of R&D, CGN Digital Technology Co., Ltd. Shanghai Branch, Shanghai, China; Department of Automation, Shanghai Jiao Tong University, Shanghai, China; Department of Automation, Shanghai Jiao Tong University, Shanghai, China; Department of Automation, Shanghai Jiao Tong University, Shanghai, China",2024 IEEE 33rd International Symposium on Industrial Electronics (ISIE),"19 Jul 2024","2024","","","1","6","The Industrial Internet of Things (IIoT) is an enabling technology for the evolution of automation industry. The programming of Programmable Logic Controller (PLC) is a core task of industrial automation. To improve the accuracy and efficiency of PLC programming for complex control systems, it is necessary to conduct co-simulation between PLCs and simulation modeling software based on Model-Based Design (MBD). In this paper, a unified model-based co-simulation framework for PLC programming is proposed. This framework provides heterogeneous device communication by integrating OPC UA protocol and hardware-in-the-loop (HIL) verification by code generation and loading. To improve the real-time performance of co-simulation, a data exchange optimization problem is constructed by modeling the offset adjustment of each periodic exchanged data, which considers the nonlinear feature of exchange time with respect to data amount. To solve this problem efficiently, a meta-heuristic algorithm based on an adapted sea-horse optimizer is proposed. A tool based on MATLAB/Simulink is developed to validate the proposed framework and optimization method. The results indicate that the proposed framework is compatible, and the optimization approach significantly improves the efficiency of data exchange.","2163-5145","979-8-3503-9408-5","10.1109/ISIE54533.2024.10595774","","https://ieeexplore.ieee.org/stamp/stamp.jsp?arnumber=10595774","Programmable Logic Controller (PLC);co-simulation;Model-Based Design (MBD);OPC UA","Adaptation models;Codes;Automation;Programmable logic devices;Optimization methods;Programming;Mathematical models","","","","10","IEEE","19 Jul 2024","","","IEEE","IEEE Conferences"
"Advances in the Smart Data Analytics Framework: Integrating Data Extraction and Automated Reporting","H. R. Mohan Rao; T. Chen; S. L. Shah","Dept. of Electrical & Computer Engineering, University of Alberta, Edmonton, Alberta, Canada; Dept. of Electrical & Computer Engineering, University of Alberta, Edmonton, Alberta, Canada; Dept. of Chemical & Materials Engineering, University of Alberta, Edmonton, Alberta, Canada",2024 IEEE 3rd Industrial Electronics Society Annual On-Line Conference (ONCON),"25 Mar 2025","2024","","","1","6","The efficient fusion of information from different data silos in a process plant is essential for a smart data analytics platform. Researchers have developed a GUI-based framework, namely, AMtool, to integrate alarm data and sensor (process) data complemented with process connectivity information. This state-of-the-art smart data analytics framework integrates advanced techniques for data analysis and visualization, performance evaluation, and alarm configuration. This framework also supports alarm flood analysis along with documentation to aid alarm rationalization, enabling industrial processes to become compliant with industry standards. However, an earlier version of the AMtool faced limitations in meeting the automation and real-time data exchange requirements emphasized by the Industry 4.0 paradigm. In this paper, we discuss the recent advances and improvements to make the tool compliant with Industry 4.0 standards, namely, the data extraction interface and automated reporting feature. The data extraction interface facilitates secure and efficient data collection via SQL databases and OPC UA platforms. Additionally, the report generation is more automated for an efficient and more user-friendly option for the regular generation of alarm analysis reports.","","979-8-3315-4031-9","10.1109/ONCON62778.2024.10931649","","https://ieeexplore.ieee.org/stamp/stamp.jsp?arnumber=10931649","Data analytics;Alarm systems;Performance monitoring;Process data analysis;SQL databases;OPC UA","Industries;Performance evaluation;Root cause analysis;Data analysis;Databases;Feature extraction;Fourth Industrial Revolution;Data mining;Floods;Standards","","","","17","IEEE","25 Mar 2025","","","IEEE","IEEE Conferences"
"Implementation of an Automated Pick and Place System for Didactic Study of Industry 4.0","M. C. Marica; N. Bizon; I. Bostan; F. M. Enescu","Department of Electronics, Communications and Computers, National University of Science and Technology POLITEHNICA Bucharest, Pitești University Centre, Pitesti, Romania; Department of Electronics, Communications and Computers, National University of Science and Technology POLITEHNICA Bucharest, Pitești University Centre, Pitesti, Romania; Department of Electronics, Communications and Computers, National University of Science and Technology POLITEHNICA Bucharest, Pitești University Centre, Pitesti, Romania; Department of Electronics, Communications and Computers, National University of Science and Technology POLITEHNICA Bucharest, Pitești University Centre, Pitesti, Romania","2024 16th International Conference on Electronics, Computers and Artificial Intelligence (ECAI)","30 Jul 2024","2024","","","1","6","Industry 4.0 represents a significant evolution in the field of automation and production, imposing the need to develop advanced educational platforms to train the next generation of engineers and researchers. In this article, is presented an innovative didactic platform for the study of Industry 4.0, focused on the implementation of an automated pick and place system. Our platform integrates advanced hardware and software components, including pneumatic cylinders, vacuum grippers, IO-Link sensors, IO-Link master and IO-Link solenoid valve group, HMI (Human-Machine Interface) and control buttons. These components are interconnected to create a modular and flexible system that is easy to use for educational and research purposes. The article will detail the architecture and operation of the system, as well as the software development process, including the programming languages and environments used. It will also discuss the implemented communication protocols (Profinet, OPC UA, MQTT) and the possibility of activating a web server for interfacing with other systems. The results obtained demonstrate the efficiency and applicability of our platform in the educational environment, providing students and researchers with an interactive and practical environment for understanding and applying Industry 4.0 concepts. This platform is a valuable resource for training future generations of automation and advanced technology specialists.","","979-8-3503-7115-4","10.1109/ECAI61503.2024.10607553","","https://ieeexplore.ieee.org/stamp/stamp.jsp?arnumber=10607553","Industry 4.0;Educational Platform;IO-Link;MQTT;Pick and Place system;OPC UA;Technological education","Industries;Training;System performance;Valves;Software;Hardware;Web servers","","","","19","IEEE","30 Jul 2024","","","IEEE","IEEE Conferences"
"Integrated Management of Multi-Type Devices Through Aggregation of Information Models","P. Li; Y. Liang; H. Li; Q. Xu; S. Zhu; C. Chen","Department of Automation, Shanghai Jiao Tong University, Shanghai, China; Department of Automation, Shanghai Jiao Tong University, Shanghai, China; Department of Automation, Shanghai Jiao Tong University, Shanghai, China; Department of Automation, Shanghai Jiao Tong University, Shanghai, China; Department of Automation, Shanghai Jiao Tong University, Shanghai, China; Department of Automation, Shanghai Jiao Tong University, Shanghai, China",2024 IEEE 22nd International Conference on Industrial Informatics (INDIN),"12 Dec 2024","2024","","","1","6","In the era of Industry 4.0, the execution of intelligent industrial applications relies on collaborations among multi-type devices, such as sensing, computing, and control devices. Al-though a universal information model allows for integrated device management, the model-building complexity rises dramatically with increasing system functions. To address this challenge, an integrated information model with hierarchical architecture is designed. By decoupling device functions, a separated rule is adopted for model construction such that the information model of each device only contains function-related nodes and common attributes for describing device features, reducing the complexity of information model construction. Then, an aggregation server is constructed, enabling application-oriented views. Based on this, efficient management is facilitated by displaying management information of corresponding applications in the user interface, reducing the complexity of integration of sensing, computing, and control devices. Finally, experimental results demonstrate the effectiveness of the proposed scheme. Compared to the standard OPC UA information model, in the aggregation server, the number of model nodes of each type of devices in the application-oriented view is reduced by 79.8% on average.","2378-363X","979-8-3315-2747-1","10.1109/INDIN58382.2024.10774520","","https://ieeexplore.ieee.org/stamp/stamp.jsp?arnumber=10774520","Sensing-computing-control integration;Information model;OPC UA","Computational modeling;Knowledge graphs;Computer architecture;User interfaces;Complexity theory;Sensors;Fourth Industrial Revolution;Servers;Informatics;Standards","","","","20","IEEE","12 Dec 2024","","","IEEE","IEEE Conferences"
"Research on Intelligent Construction Construction Engineering System under Computer Digitization Technology","L. Sun; L. Han","Shandong University of Engineering and Vocational Technology, Jinan, Shandong, China; Shandong University of Engineering and Vocational Technology, Jinan, Shandong, China",2024 3rd International Conference on Artificial Intelligence and Autonomous Robot Systems (AIARS),"14 Oct 2024","2024","","","20","24","The overall framework of large-scale intelligent building integration system based on IBS technology is proposed. Then, the whole architecture is deeply researched and designed. The realization method of the platform is introduced in detail from the client program design, the main functions of the client and the data transmission mode based on OPC technology. The debugging results show that all performance indexes of the system are good.","","979-8-3503-7617-3","10.1109/AIARS63200.2024.00009","","https://ieeexplore.ieee.org/stamp/stamp.jsp?arnumber=10708875","Intelligent building;system integration;information system;OPC protocol;information domain","Smart buildings;Protocols;Architecture;Perturbation methods;Computer architecture;Structural engineering;Performance analysis;Data communication;Servers;Information systems","","","","10","IEEE","14 Oct 2024","","","IEEE","IEEE Conferences"
"Intelligent Monitoring and Managing of Edge Devices","A. M. Sheetal; J. R. M; R. Ravi; M. N. HM; T. S; V. M. Bhat","Department of CSE, CMR Institute of Technology, Bengaluru, India; Department of CSE, Mahendra College of Engineering, Salem, India; Dept of Computing Technologies, SRM Institute of Science and Technology, Chennai, India; Department of CSE, CMR Institute of Technology, Bengaluru, India; Department of CSE, CMR Institute of Technology, Bengaluru, India; Department of CSE, CMR Institute of Technology, Bengaluru, India",2024 5th International Conference on Electronics and Sustainable Communication Systems (ICESC),"2 Oct 2024","2024","","","601","606","This research study introduces a new method for extracting insights, making predictions, and managing industrial IoT and edge devices using the reliable OPC-UA (Open Platform Communication Unified Architecture) protocol. It emphasizes the significance of this approach in tackling the difficulties encountered by industries, research institutions, and individual researchers in monitoring real-time data, identifying patterns, and overseeing remote devices. Through the utilization of the OPC-UA protocol, the proposed solution provides a cost-effective and effective way to accomplish these goals.","2996-5357","979-8-3503-7994-5","10.1109/ICESC60852.2024.10689881","","https://ieeexplore.ieee.org/stamp/stamp.jsp?arnumber=10689881","Open Platform Communication Unified Architecture;Edge Devices;Internet Of Things;Automation;Prediction;Insights;Remote Device Control","Technological innovation;Protocols;Process control;Real-time systems;Servers;Reliability;Proposals;Object recognition;Monitoring;Industrial Internet of Things","","","","15","IEEE","2 Oct 2024","","","IEEE","IEEE Conferences"
"Implementation of Digital Shadow Concept in the Field of Industrial Automation","R. Peter; M. Juhás; B. Juhásová","Institute of Applied Informatics, Automation and Mechatronics Faculty of Materials Science and Technology in Trnava, Slovak University of Technology in Bratislava, Trnava, Slovakia; Institute of Applied Informatics, Automation and Mechatronics Faculty of Materials Science and Technology in Trnava, Slovak University of Technology in Bratislava, Trnava, Slovakia; Institute of Applied Informatics, Automation and Mechatronics Faculty of Materials Science and Technology in Trnava, Slovak University of Technology in Bratislava, Trnava, Slovakia",2023 International Scientific Conference on Computer Science (COMSCI),"16 Nov 2023","2023","","","1","6","We are currently witnessing a gradual increase in interest in digital shadow and digital twin solutions in the field of industrial automation. These solutions require advanced approaches in the process of their creation and are gradually becoming an integral part of industrial automation. This paper focuses on the creation of a digital shadow of a physical robotic cell and progressively goes through all the phases from the analysis of communication problems through the design of possible solutions to the actual implementation of one of the proposed solutions. The connection between the virtual robotic cell and the industrial camera is based on the processing of the data sent by the camera located above the physical robotic cell. This data is processed by a program in the PLC and then transferred to the virtual environment of the digital shadow by communication between the two OPC servers. This paper provides a more detailed overview of one possible technique for connecting the virtual environment with the physical robotic cell.","","979-8-3503-2525-6","10.1109/COMSCI59259.2023.10315825","","https://ieeexplore.ieee.org/stamp/stamp.jsp?arnumber=10315825","cognex;plc;abb;robotstudio;in-sight;opc;profinet;simulation;robotic cell","Image segmentation;Service robots;Soft sensors;Robot vision systems;Virtual environments;Cameras;Fourth Industrial Revolution","","","","10","IEEE","16 Nov 2023","","","IEEE","IEEE Conferences"
"Interaction between FeasibilityCheck, PreconditionCheck and SkillExecution in skill-based machining","A. Wagner; S. Lamoth; M. Volkmann; J. Hermann; M. Ruskowski","Technologie-Initiative SmartFactoryKL e.V., Kaiserslautern, Germany; Institute of Machine Tools and Control Systems (WSKL), University of Kaiserslautern-Landau, Kaiserslautern, Germany; Technologie-Initiative SmartFactoryKL e.V., Kaiserslautern, Germany; Technologie-Initiative SmartFactoryKL e.V., Kaiserslautern, Germany; Technologie-Initiative SmartFactoryKL e.V., Kaiserslautern, Germany",2023 IEEE 28th International Conference on Emerging Technologies and Factory Automation (ETFA),"12 Oct 2023","2023","","","1","8","In order to react more dynamically and flexibly to individual customer requirements, the concepts of skill-based engineering can also be applied in the field of machining. FeasibilityCheck, PreconditionCheck and SkillExecution have emerged as important basic components of complex manufacturing skills in order to be able to control skills usefully and efficiently, especially for machine tools. This paper describes the roles of each basic skill component in machining skills and shows how they can be used. Furthermore, the concept of IDs for referencing already given ParameterSets is evaluated for machining skills. A prototype implementation shows how these ParameterSetIDs can be used to efficiently interact with the basic skill components. The results show the fundamental sense of this separation of FeasibilityCheck, PreconditionCheck and SkillExecution and support the usefulness of using ParameterSetIDs.","1946-0759","979-8-3503-3991-8","10.1109/ETFA54631.2023.10275520","","https://ieeexplore.ieee.org/stamp/stamp.jsp?arnumber=10275520","skill-based manufacturing;OPC UA skills;machine tool;ParameterSetID","Prototypes;Machining;Manufacturing;Machine tools;Manufacturing automation","","4","","21","IEEE","12 Oct 2023","","","IEEE","IEEE Conferences"
"Realizing Consistent Digital Twins by Combining Different Data Exchange Technologies","A. Lüder; M. Schleipen; D. Hoffmann; J. Blume; M. Freund; P. Gupta","Otto-von-Guericke University, Magdeburg, Germany; EKS Intec, Weinheim, Germany; Otto-von-Guericke University, Magdeburg, Germany; Fraunhofer IOSB, Karlsruhe, Germany; Festo SE & Co. KG, Esslingen, Germany; Otto-von-Guericke University, Magdeburg, Germany",2024 IEEE 29th International Conference on Emerging Technologies and Factory Automation (ETFA),"16 Oct 2024","2024","","","1","8","Designing and utilizing digital twins is one of the recent trends within digitalization of manufacturing industries. But this digitalization not as easy as it sounds. Different infor-mation sets coming from different life cycle phases, used within various use cases, exploiting different information provision technologies, and emerging from different engineering disciplines need to be consistently combined. Within this field technologies like asset administration shells, opeVA and AutomationML are taking a leading position but covering different life cycle phases. Within this paper a first approach is presented in-tending to overcome the integration nightmare by combining the named technologies and enabling the consistent design and application of a digital twin preserving the benefits of the integrated technologies.","1946-0759","979-8-3503-6123-0","10.1109/ETFA61755.2024.10711018","","https://ieeexplore.ieee.org/stamp/stamp.jsp?arnumber=10711018","System lifecycle;Digital twin;Asset Administration Shell;AutomationML;OPC UA","Manufacturing industries;Production systems;Data integration;Market research;Data models;Digital twins;Usability;Standards;Research and development;Manufacturing automation","","","","38","IEEE","16 Oct 2024","","","IEEE","IEEE Conferences"
"Emerging Trends in Education For Industry 4.0 and 5.0 Engineers in Slovakia Using E-learning Web Applications","R. Pribiš; O. Haffner; L. Beňo; D. Janecký; E. Kučera; M. Pajpach; A. Juriš; M. Hamrák; Š. Zajac","Faculty of Electrical Engineering and Information Technology, Slovak University of Technology in Bratislava, Bratislava, Slovakia; Faculty of Electrical Engineering and Information Technology, Slovak University of Technology in Bratislava, Bratislava, Slovakia; Faculty of Electrical Engineering and Information Technology, Slovak University of Technology in Bratislava, Bratislava, Slovakia; Faculty of Electrical Engineering and Information Technology, Slovak University of Technology in Bratislava, Bratislava, Slovakia; Faculty of Electrical Engineering and Information Technology, Slovak University of Technology in Bratislava, Bratislava, Slovakia; Faculty of Electrical Engineering and Information Technology, Slovak University of Technology in Bratislava, Bratislava, Slovakia; Faculty of Electrical Engineering and Information Technology, Slovak University of Technology in Bratislava, Bratislava, Slovakia; Faculty of Electrical Engineering and Information Technology, Slovak University of Technology in Bratislava, Bratislava, Slovakia; Faculty of Electrical Engineering and Information Technology, Slovak University of Technology in Bratislava, Bratislava, Slovakia","2023 International Conference on Modeling, Simulation & Intelligent Computing (MoSICom)","19 Mar 2024","2023","","","53","58","This document deals with the challenges in the teaching process that must respond agilely to the challenges of technological advances and other unexpected stimuli (the recent COVID pandemic, assertion of power interests, etc.). It confronts the terms Industry 4.0 and Industry 5.0 and illustrates the importance of interoperability and enumerates the technologies to achieve it. It also presents an experimental platform for Industry 4.0 that addresses several Industry 5.0 challenges at the Institute of Mechatronics at the Slovak Technical University in Bratislava. It explains the importance of teaching Industry 4.0 technologies as a whole and introduces the development of an e-learning web application as a way of learning the necessary skills and shares its benefits and results.","","979-8-3503-9341-5","10.1109/MoSICom59118.2023.10458852","Research and Development; Ministry of Education; Ministry of Education; ","https://ieeexplore.ieee.org/stamp/stamp.jsp?arnumber=10458852","Interoperability;Industry 4.0;Industry 5.0;RAMI 4.0;OPC UA;Asset Administration Shell;e-learning","Electronic learning;Mechatronics;Pandemics;Education;Market research;Fourth Industrial Revolution;Fifth Industrial Revolution","","","","19","IEEE","19 Mar 2024","","","IEEE","IEEE Conferences"
"Surface Defect Recognition of Solar Panel Based on Percolation-Based Image Processing and Serre Standard Model","B. Xia; S. Li; N. Li; H. Li; X. Tian","College of Information Engineering, Pingdingshan University, Pingdingshan, China; College of Information Engineering, Pingdingshan University, Pingdingshan, China; College of Information Engineering, Pingdingshan University, Pingdingshan, China; College of Information Engineering, Pingdingshan University, Pingdingshan, China; Works Department, Pinggao Group Intelligent Electric Company Ltd., Pingdingshan, China",IEEE Access,"8 Jun 2023","2023","11","","55126","55138","During the production process of solar panels, it is inevitable to have some defects, such as cracks on the surface of solar panels due to extrusion or damage due to quality issues. This article improves the Serre standard model, which can simulate the ventral visual pathway with object recognition ability, based on the latest research progress and results of simulating biological visual mechanism models in computer vision, to improve the recognition effect of surface defects on solar panels. At the same time, a pre-processing scheme combining Gaussian Laplace operator operator and adaptive Wiener filter to remove noise spots is studied, and the local Gabor Binary Pattern Histogram Sequence (LGBPHS) features are obtained through pre-processing. The Percolation-Based image processing method for detecting obvious cracks was used to determine the location of the algorithm and the calculation results based on the improved standard model method. It mainly refers to the MAX value output by the C2 layer and the classification and identification results of whether there are cracks, and the crack location function is completed. The experimental results show that the proposed method has an accuracy rate of 98.86% in training and 98.64% in testing, and both the false detection rate and the missed detection rate do not exceed 1%. Therefore, the method proposed in the study has a high accuracy and can effectively identify the surface defects of solar panels.","2169-3536","","10.1109/ACCESS.2023.3281653","Key Science and Technology Project of Henan Province: Intelligent Optimization and Dynamic Collaboration Research of Multi-UAV Joint Search and Rescue System(grant numbers:222102320456); Key Research Project of Colleges and Universities of Henan Province: Research on Key Technologies of 3D Additive Printing Digital Twin Workshop Based on OPC UA(grant numbers:23A520044); ","https://ieeexplore.ieee.org/stamp/stamp.jsp?arnumber=10138815","Image processing;solar panels;defect recognition;local binary mode","Solar panels;Surface treatment;Surface cracks;Biological system modeling;Image processing;Computational modeling","","2","","23","CCBYNCND","31 May 2023","","","IEEE","IEEE Journals"
"Monitoring and Control of Discrete-Event System Using Augmented Reality and Open-Source PLC","E. Kučera; O. Haffner; L. Beňo; R. Pribiš; M. Pajpach; D. Janecký","Faculty of Electrical Engineering and Information Technology, Slovak University of Technology in Bratislava, Bratislava, Slovakia; Faculty of Electrical Engineering and Information Technology, Slovak University of Technology in Bratislava, Bratislava, Slovakia; Faculty of Electrical Engineering and Information Technology, Slovak University of Technology in Bratislava, Bratislava, Slovakia; Faculty of Electrical Engineering and Information Technology, Slovak University of Technology in Bratislava, Bratislava, Slovakia; Faculty of Electrical Engineering and Information Technology, Slovak University of Technology in Bratislava, Bratislava, Slovakia; Faculty of Electrical Engineering and Information Technology, Slovak University of Technology in Bratislava, Bratislava, Slovakia","2023 International Conference on Modeling, Simulation & Intelligent Computing (MoSICom)","19 Mar 2024","2023","","","35","40","This paper deals with the interfacing of open-source PLC (Programmable Logic Controller) with augmented reality. The goal is to create an interactive environment for monitoring and control of automation processes. Creating new types of human-machine interfaces (HMIs) is one of the challenges of the Industry 4.0 concept and also relates to the Industry 5.0, which is the coming revolution to be human-centric. The practical part of the project focuses on the implementation of interfacing between PLC and augmented reality using OPC UA (Open Platform Communications Unified Architecture) and MQTT (MQ Telemetry Transport) interfaces. The work results in creation of working prototype that uses 3D engine Unity and ARCore library to create an interactive augmented reality environment.","","979-8-3503-9341-5","10.1109/MoSICom59118.2023.10458771","Research and Development; Ministry of Education; Ministry of Education; ","https://ieeexplore.ieee.org/stamp/stamp.jsp?arnumber=10458771","system control;automation;augmented reality;discrete-event system;plc;unity","Headphones;Three-dimensional displays;Process control;Market research;Control systems;Telemetry;Servers","","","","11","IEEE","19 Mar 2024","","","IEEE","IEEE Conferences"
"Network System of Systems Manager","J. Dobie; R. Holder","L3Harris Technologies, Inc., Melbourn, Florida; L3Harris Technologies, Inc., Melbourn, Florida","2024 Integrated Communications, Navigation and Surveillance Conference (ICNS)","11 Jun 2024","2024","","","1","14","For several decades, the L3Harris Mission Networks organization has perfected the design, deployment, operations, and management of enterprise-level networks for safety-critical missions using a managed service framework. L3Harris has successfully constructed geographically large and technologically diverse Local Area Network (LAN)/Wide Area Network (WAN) solutions for State and Federal customers by selecting, optimizing, and integrating Commercial off the Shelf (COTS) products and services into an integrated or homogeneous solution meeting exacting performance requirements. These purpose-built network solutions ensure performance and resilience through tailored provisioning and the configuration of highly reliable (e.g., through adaptive redundancy) architectures, diverse service connections and equipment, ubiquitous bandwidth allocation and an unparalleled telecommunication provider governance by a centralized operational support system.Over this same period, there have been key advances in the networking industry which signal the need to evolve beyond our centralized managed services model. These advances include the rapid industry transition from a dedicated Time-division Multiple Access (TDMA)-based solution to multifunction IP-based networks with Quality of Service (QoS) support, the growing deployment of Software Defined Everything (SDE), AI-assisted advanced modeling and simulation, near-universal adoption of cloud-based Infrastructure as a Service (IaaS), design patterns and deployment solutions with the increasing presence of wireless services such as 5G (both fixed and mobile), Long Term Evolution (LTE), Geostationary Orbit (GEO), Low Earth Orbit (LEO) and Medium Earth Orbit (MEO).Within these evolving technologies, network management solutions can move from centralized to federated architectures with the promise of effortless scalability, dynamic adaptability, and seamless collaboration. A federated hierarchical architecture offers organizations a blueprint allowing coordinated management, interoperability of data, resources and processes across heterogeneous systems, locations, and organizational boundaries. To take maximum advantage of such an architecture, we believe there is an opportunity to streamline and optimize network designs through an implementation of a Network System of Systems Manager (NSoSM). The NSoSM is a centralized system used to ingest network telemetry data across one or more networks, process data via AI/ML algorithms, to make informed decisions to improve the delivery of prioritized customer data and improve the usability of mission critical customer applications.The federated architecture construct, consisting of loosely coupled constituent databases for sharing and data exchange, has evolved beyond its origin and the set of standards facilitating its integration. The use of an Open Platform Communications (OPC) Unified Architecture (UA) [01], the International Society of Automation (ISA)-95 model [02], the Manufacturing Enterprise Solutions Association (MESA) Business to Manufacturing Markup Language (B2MML) [03], and message exchange models have improved integration and scalability, resulting in wide adoption in manufacturing environments.The adoption of a federated architecture in enterprise-level, mission critical networks present several challenges. The solution to these challenges can be addressed with three primary capabilities: 1) Integrated Situational Awareness; 2) Integration Gateway, and 3) AI Augmentation and Automated Orchestration, carrying independent value and, when fused together, achieve a NSoSM which autonomously supports a federated ecosystem:Integrated Situational Awareness. Adapting to the increasing volume of technological solutions, the need for highly customized service integrator solutions evolves from a centralized integration of disparate platforms to an enterprise orchestration of integrated System-of-Systems (SoS). This is achieved through creating a hyperconverged monitoring and data collection capability of system logs, synthetic network probes, streaming telemetry and real-time channel performance metrics collected by Fault Management Systems, Network Performance Monitoring and Diagnostics Systems, and Application Performance Monitoring systems. Integrating these COTS solutions, together with Situational Awareness, offer end-to-end (E2E) planning, fault analysis, and command and control (C2) of regulated network environments.Integration Gateway. Of critical importance in the NSoSM model is the need to create a homogeneous, clear user experience across a heterogeneous collection of federated systems. This involves the definition and harmonization of the exchanged data and the technologies used for sending and receiving the exchanged data with intelligent markers to incorporate customer and mission-defined, protections. This involves both the harmonization of data from dissimilar heterogeneous end-systems to a common operating picture and to convert it back to native system languages when suggested configurations are being recommended to optimize customer service performance.AI Augmentation and Automated Orchestration (AIA2O). This capability is comprised of three primary and sequential functions: Datasets, Frameworks and Procedure Validation for AIOps and Command and Control (C2) Orchestration. Data from the Integration Gateway is interpreted into logical threads where Artificial Intelligence (AI)/Machine Learning (ML) algorithms and models apply insight to optimizations required for an improved User Experience (UX), via autonomous orchestration, reducing and sometimes eliminating the human-in-the-loop delay not only reducing the decision chain but also reducing human error. Insights and procedures are validated in a digital twin representation followed by the orchestration of optimizations in a production environment.The Federal Aviation Administration’s publication of Initial Concept of Operations for an Info-Centric National Airspace System asserts that ""The integrated information environment, providing data services including data integration from various sources, allows federated actors to reconcile, contextualize, and share relevant information’’. Additionally, value is perceived by enabling ""multiple entities to provide a federated set of xTM services for flights operating within the same airspace"". Implementing and operating NSoSM capabilities, comprised of an integrated gateway, integrated situational awareness, and AI augmentation and automated orchestration are at the core of where mission critical, enterprise-level networks and SDE are evolving for State, Federal, and Department of Defense (DoD) organizations. L3Harris’ approach to the design of a NSoSM solution provides a limitless overlay adapting to emerging and evolving technologies, meanwhile reduce operating expenses (OpEx) via an ever-growing AI community, enabling independent systems to collectively deliver value that cannot be achieved independently.","2155-4951","979-8-3503-9309-5","10.1109/ICNS60906.2024.10550591","","https://ieeexplore.ieee.org/stamp/stamp.jsp?arnumber=10550591","Network Automation;Machine Learning;Autonomous Networking;Network Data Analytics;Situational Awareness","Command and control systems;Adaptive systems;Mission critical systems;Computer architecture;Organizations;Logic gates;User experience","","1","","12","IEEE","11 Jun 2024","","","IEEE","IEEE Conferences"
"Identify the objective parameters of direct communication between PLC and MS SQL server","S. Flaga; M. Majcher","Department of Process Control, Faculty of Mechanical Engineering and Robotics, AGH University of Science and Technology, Krakow, Poland; Department of Process Control, Faculty of Mechanical Engineering and Robotics, AGH University of Science and Technology, Krakow, Poland",2023 24th International Carpathian Control Conference (ICCC),"19 Jul 2023","2023","","","147","150","When building digital twins of existing technical solutions, we need a large amount of data on the parameters of their operation under various conditions. The source of data on the values of process variables at the lowest level is control devices - most often PLCs. There are many ways to acquire the qualities of process variables available from the PLC level. Increasingly, OPC UA is replacing the OPC model, and the OPC UA server is increasingly a functionality of the PLC CPU. The Industrial Internet of Things IIoT is used in companies moving toward Factory 4.0. Data from controllers can be acquired using high-level languages such as C++, C# or Python. Libraries often made available under an open-source license are used for this. For example, you can find commercial libraries for communication between PLCs of selected manufacturers and MySQL servers. Siemens provides a library for communication between S7-1200/1500 controllers and MS SQL server. The author has yet to find an exhaustive analysis of such a solution. In the literature, there need to be more studies of experiments describing the performance of query generation and execution and the impact of the library on PLC performance. The article presents the results of an experimental study of this issue.","","979-8-3503-1022-1","10.1109/ICCC57093.2023.10178972","Research and Development; ","https://ieeexplore.ieee.org/stamp/stamp.jsp?arnumber=10178972","LSQL library;PLC;SQL;database;S7-1x00","Writing;Libraries;Software;Information and communication technology;Servers;Synchronization;Security","","","","12","IEEE","19 Jul 2023","","","IEEE","IEEE Conferences"
"Digital Twin Integration using Lingua Franca and FMI for Testing Factory Automation Software","P. Turco; E. Zanella; A. Valentini; S. Gaiardelli; N. Dall’Ora; M. Lora; F. Fummi","Department of Engineering for Innovation Medicine, Industrial Computer Engineering Laboratory, University of Verona, Italy; Department of Engineering for Innovation Medicine, Industrial Computer Engineering Laboratory, University of Verona, Italy; Department of Engineering for Innovation Medicine, Industrial Computer Engineering Laboratory, University of Verona, Italy; Department of Engineering for Innovation Medicine, Industrial Computer Engineering Laboratory, University of Verona, Italy; Department of Engineering for Innovation Medicine, Industrial Computer Engineering Laboratory, University of Verona, Italy; Department of Engineering for Innovation Medicine, Industrial Computer Engineering Laboratory, University of Verona, Italy; Department of Engineering for Innovation Medicine, Industrial Computer Engineering Laboratory, University of Verona, Italy",IECON 2024 - 50th Annual Conference of the IEEE Industrial Electronics Society,"10 Mar 2025","2024","","","1","6","The continuous evolution of Industry 4.0 demands advanced solutions for optimizing production processes, reducing energy consumption, and enhancing the capabilities of both human operators and production devices in smart factories. As factory automation software becomes increasingly complex, ensuring its robustness through extensive testing is critical. However, testing on actual production systems is often impractical due to the critical nature of the software.This paper explores the use of digital twins to simulate factory environments, enabling thorough validation of automation software. We propose leveraging Lingua Franca and the Functional Mock-up Interface (FMI) standard to create comprehensive digital twins. Lingua Franca ensures deterministic execution in simulations, while FMI facilitates the integration of diverse simulators for accurate modeling of heterogeneous systems. We introduce an interfacing method to integrate FMI components within Lingua Franca and present a strategy for modeling software-machinery interactions using the OPC Unified Architecture (OPC UA) protocol. The methodology is applied to develop a digital twin of a logistics subsystem in a manufacturing system, demonstrating the effectiveness of the simulation environment through various scenarios.","","978-1-6654-6454-3","10.1109/IECON55916.2024.10905305","","https://ieeexplore.ieee.org/stamp/stamp.jsp?arnumber=10905305","Computer-aided manufacturing;system simulation;digital twins;system testing;cyber physical systems","Protocols;Software;Robustness;Production facilities;Digital twins;Manufacturing automation;Standards;Testing;Smart manufacturing;Manufacturing systems","","","","18","IEEE","10 Mar 2025","","","IEEE","IEEE Conferences"
"Network-Based Ransomware - A New Threat Demonstrated on the Example of Industrial Control Systems","R. Altschaffel; J. Dittmann; K. Lamshoeft; E. Toplu","Advanced Multimedia and Security Lab, Otto-von-Guericke University, Magdeburg, Germany; Advanced Multimedia and Security Lab, Otto-von-Guericke University, Magdeburg, Germany; Advanced Multimedia and Security Lab, Otto-von-Guericke University, Magdeburg, Germany; Advanced Multimedia and Security Lab, Otto-von-Guericke University, Magdeburg, Germany",2024 4th Interdisciplinary Conference on Electrics and Computer (INTCEC),"30 Jul 2024","2024","","","1","7","Ransomware is known to take control of data. This paper introduces and explores the novel threat of network ransomware which targets the network between computers. This paper demonstrates this threat on the example of Industrial Control Systems (ICS). In order to describe this novel threat, the Threat Landscape for Ransomware Attacks taxonomy from the European Union Agency for Cybersecurity (ENISA) is extended by the assets - Network and Device - as well as one action - Alter. The original four ENISA actions Lock, Encrypt, Delete and Steal and the additional action Alter are described in this extended taxonomy and demonstrated within an ICS environment in two Evaluation Cases (EC) including the network protocols Modbus/TCP and OPC UA as well as one complex scenario of network based ransomware within ICS involving 3 sensors, 5 actuators, 2 PLCs and 1 Historian using the OPC UA protocol.","","979-8-3503-4945-0","10.1109/INTCEC61833.2024.10603018","","https://ieeexplore.ieee.org/stamp/stamp.jsp?arnumber=10603018","Communication and Physical Layer Security;Industrial Control System;Ransomware;Network Security;Attack Vectors;Network Ransomware","Computers;Protocols;Industrial control;Prevention and mitigation;Taxonomy;Vectors;Ransomware","","","","15","IEEE","30 Jul 2024","","","IEEE","IEEE Conferences"
"Design and Implement a PC-Based SCADA Education System, Part I: Power System Load Frequency Control and Governor Response","A. A. Al-Manfi","College of Electrical & Electronic Technology, Benghazi, Benghazi, Libya",2024 IEEE 4th International Maghreb Meeting of the Conference on Sciences and Techniques of Automatic Control and Computer Engineering (MI-STA),"30 Jul 2024","2024","","","267","272","PC-Based control has many advantages over other control systems like Programmable Logic Controller (PLC) base or Programmable Automation Controller (PAC) base control system, such as updating to handle more data processing by simply adding processing power or extend the memory that allows running and processing third party program on the same station. This paper describes the effective, robust, and low-cost design & implementation of a PC-based SCADA education system for the centralized control automatic generation control (AGC) of power system generators in the laboratory at the College of Electrical & Electronic Technology, Benghazi within higher graduate studies program, in this proposed system, it does not only allow the researchers to capture the raw data of the system easily but also it can be run an integrate a third party program OPC-DA for secure communications or OPC-UA for cloud connectivity. In this article, the frequency bias method is used to control power system frequency composed of two generation units using only one controller and evaluate the performance of the whole control system for multi-cases when the sleep time of the controller is changed. Profinet communication was established between the master terminal unit (MTU) and the remote terminal unit (RTU), through fiber optics cables and Small Form-factor Pluggable (SFC) Transceivers to eliminate the delay due to the communication as possible and interference immune. In this article experimental tests have been held on a simple power system 3-phase 380V, 50Hz, composed of two synchronous generator units rated 1.0 kVA each, medium transmission line model, 3-phase 450w resistive load and 1.0 hp, 3-phase induction motor with variable load represents the inductive variable load, the results obtained from the experimental tests were promising and positive, from many cases of different sleep time selected there is no effect on the whole control system performance.","","979-8-3503-7263-2","10.1109/MI-STA61267.2024.10599757","","https://ieeexplore.ieee.org/stamp/stamp.jsp?arnumber=10599757","Automatic of Generation Control (AGC);Education System;Hard PLC;PC-Based;SCADA;Soft PLC;Sleep time","Training;Time-frequency analysis;Automatic frequency control;Process control;Automatic generation control;Control systems;Power systems","","","","11","IEEE","30 Jul 2024","","","IEEE","IEEE Conferences"
"Research on integrated technology of synthetic biology automated platform","S. Li; C. Ma; F. Yang; S. Chen; K. He","Shenzhen Institutes of Advanced Technology, Chinese Academy of Sciences, Shenzhen, China; Shenzhen Institutes of Advanced Technology, Chinese Academy of Sciences, Shenzhen, China; Shenzhen Institutes of Advanced Technology, Chinese Academy of Sciences, Shenzhen, China; Shenzhen Institutes of Advanced Technology, Chinese Academy of Sciences, Shenzhen, China; Shenzhen Institutes of Advanced Technology, Chinese Academy of Sciences, Shenzhen, China",2024 International Conference on Advanced Control Systems and Automation Technologies (ACSAT),"8 Jan 2025","2024","","","221","228","Synthetic biology uses engineering principles to redesign organisms and construct biological systems with specific functions, which is an important way to develop drugs, vaccines, biofuels, etc. In the process of transforming synthetic organisms, researchers need to conduct largescale experiments for a long time, and many of these processes are manual and repetitive tasks, which results in the problems such as low throughput, low efficiency, and slow iteration. In addition, there are many experimental instruments and equipment required in the synthetic biology experiment process. The communication protocols between different instruments and equipment are not uniform, which seriously restricts the automation upgrade process of synthetic biology. To solve these problems, this paper put forward an integration technology based on the Object Linking and Embedding for Process Control Unified Architecture (OPC UA) to realize the interconnection of the synthetic biology automated platform and related instruments needed in synthetic biology process. The stability of the system is further designed and improved by using the concept of Triple Modular Redundancy. This helps the development of an efficient, stable and scalable automated platform for synthetic biology, which greatly improves the efficiency of synthetic biology experiments.","","979-8-3315-4166-8","10.1109/ACSAT63853.2024.10823805","National Key Research and Development Program of China; ","https://ieeexplore.ieee.org/stamp/stamp.jsp?arnumber=10823805","Synthetic biology;Automation;Integrated technology","Automation;Protocols;Instruments;Redundancy;Process control;Throughput;Synthetic biology;Stability analysis;Organisms;Vaccines","","","","30","IEEE","8 Jan 2025","","","IEEE","IEEE Conferences"
"Proposal of a Microservice Plug-and-Produce Architecture for Industry 4.0","R. P. Pontarolli; E. A. Viana; R. T. Giglio; E. Sisinni; P. Ferrari; E. P. Godoy","São Paulo State University (Unesp), Bauru, Brazil; São Paulo State University (Unesp), Bauru, Brazil; São Paulo State University (Unesp), Bauru, Brazil; University of Brescia (UNIBS), Brescia, Italy; University of Brescia (UNIBS), Brescia, Italy; São Paulo State University (Unesp), Bauru, Brazil",2024 IEEE International Workshop on Metrology for Industry 4.0 & IoT (MetroInd4.0 & IoT),"9 Jul 2024","2024","","","198","203","Industry 4.0 (I4.0) guided the evolution of control and automation architectures towards service orientation, Cloud Computing, Edge Computing, and Industrial Internet of Things seeking to provide greater modularity, vertical integration, and connectivity. The current research is focusing on developing and standardizing information models, management of industrial assets, the creation (composition) and management of industrial applications based on services. This paper proposes and presents a microservice Plug-and-Produce (PnPr) architecture for automation in I4.0 systematized in two processes. The Plug process covers the stages of modeling, aggregating, servitizing, installing and discovering, with a focus on the commissioning and discovery of assets. The Produce process covers the stages of communicating, selecting, analyzing, composing, and managing, with a focus on the composition of assets for creating applications. On the Plug part, it is described the modeling of the asset based on the Asset Administration Shell (AAS) standard, the logical programming, discovery as a microservice, the installation and management using container technology. In the Produce part, it is proposed to orchestrate applications through the composition of assets via OPC UA and microservices communication. Our proposal is discussed showing that the PnPr architecture is a viable solution for universalization of access to industrial assets, in addition to leverage the creation of I4.0 applications.","2837-0872","979-8-3503-8582-3","10.1109/MetroInd4.0IoT61288.2024.10584229","Coordenação de Aperfeiçoamento de Pessoal de Nível Superior; ","https://ieeexplore.ieee.org/stamp/stamp.jsp?arnumber=10584229","Automation Architecture;Information Model;Orchestration;Process Control","Microservice architectures;Programming;Data structures;Data models;Software;Fourth Industrial Revolution;Proposals","","2","","19","IEEE","9 Jul 2024","","","IEEE","IEEE Conferences"
"Systems of Digital Twins and Physical Systems: Interoperability, Decentralization, and Mobility in Robotic Applications","F. Girke; R. Harmann; E. G. Kaigom","Dept. of Comp. Science & Engineering, Frankfurt University of Applied Sciences, Frankfurt a.M, Germany; Dept. of Comp. Science & Engineering, Frankfurt University of Applied Sciences, Frankfurt a.M, Germany; Dept. of Comp. Science & Engineering, Frankfurt University of Applied Sciences, Frankfurt a.M, Germany",2024 28th International Conference on Methods and Models in Automation and Robotics (MMAR),"19 Sep 2024","2024","","","29","34","Whereas digital twins are receiving an increasing attention, their implementation has been predominated by monolithic and static solutions. A resulting issue is the lack of a modular integration and seamless interplay of digital twins when it comes to adapt and support varying industrial and societal applications. Another drawback arises from limited services that digital twins can provide as the physical system is extended with new components and/or separated from constituting parts, giving rise to a metamorphosic system of systems. Furthermore, the respective mobility of physical systems and citizens assumed to interact with them via their digital surrogates is hardly transformed into industrial and societal opportunities, such as a pervasive and itinerant human-robot-interaction ($\pi$-HRC). Within the scope of our Metarobotics framework that propels $\pi$-HRC, we address these challenges by leveraging on the OPCUA standard to develop portable data connectors that move with and give access to the data source, which is the associated physical system. Our Raspberry-Pi driven connector encapsulates a digital twin of the corresponding system and its offered services to capture the loose coupling and decentralization of systems of systems even remotely and in motion. Each data connector semantically interoperates with any OPC-UA capable system and device via wireless communication. This opens up new opportunities for different monitoring (and control) modalities of large scale systems whose physical or/and virtual constituting subsystems are distributed across distinct geographical locations in the industrial and societal realm. We apply our framework to a mobile multi-arm robotic system with edge-computing capabilities and demonstrate the performance of its monitoring functionality from the cabin of a moving train in city traffics in practice. We provide experimental measurements results and highlight the usefulness and effectiveness of our approach.","2835-2807","979-8-3503-6234-3","10.1109/MMAR62187.2024.10680793","","https://ieeexplore.ieee.org/stamp/stamp.jsp?arnumber=10680793","Robotics;Digital Twins;System of Systems;Industry 4.0;Industry 5.0;Society 5.0;Human-Robot-Interaction","Connectors;Couplings;Wireless communication;Service robots;Soft sensors;Urban areas;Digital twins","","2","","16","IEEE","19 Sep 2024","","","IEEE","IEEE Conferences"
"Towards an Ontology-Based Generic Interface for Field Device Capabilities in Automation Systems","V. Chavez; J. Wollert","FH Aachen University of Applied Sciences, Institute for Applied Automation and Mechatronics (IaAM), Aachen, Germany; FH Aachen University of Applied Sciences, Institute for Applied Automation and Mechatronics (IaAM), Aachen, Germany",2024 IEEE 20th International Conference on Intelligent Computer Communication and Processing (ICCP),"17 Dec 2024","2024","","","1","6","Field devices play an important role in the automation industry, providing the means to sense and control industrial processes. With the emergence of the Industry 4.0 strategy within the last decade, field devices now require an intelligent description that enables interoperability regardless of communication protocols and standards. Organizations such as the OPC UA Foundation and the Industrie 4.0 Platform are leading the way with standardized metadata models for describing intelligent systems. These standards enable the definition of interoperable semantic models that provide static and dynamic information for sensors and actuators. However, an open issue is the definition of a generic interface that abstracts the specific domain concepts from the different standards and field device organizations. In this paper, we propose an ontology-based interface to obtain generic field device capabilities and their relation to a field device-specific implementation. This approach allows industrial systems to automatically retrieve information from field devices without having to understand the specific semantics of a protocol and provides a bridge between the raw process data and a generalized definition that can be reused across devices. A proof of concept is presented with the integration of the generic interface for field devices and its implementation on a Programmable Logic Controller with a CODESYS runtime.","2766-8495","979-8-3315-3997-9","10.1109/ICCP63557.2024.10793022","","https://ieeexplore.ieee.org/stamp/stamp.jsp?arnumber=10793022","interoperability;ontology;field device;intelligent sensors;capabilities","Industries;Protocols;Semantics;Standards organizations;Organizations;Ontologies;Metadata;Software;Servers;Interoperability","","1","","26","IEEE","17 Dec 2024","","","IEEE","IEEE Conferences"
"A Data Driven Digital Twin Visualization Method for Motion Control","G. Liu; N. Sun; D. Yu","Shenyang Institute of Computing Technology, Chinese Academy of Sciences University of Chinese Academy of Sciences, Shenyang, China; The 703 Research Institute of CSSC, Harbin, China; Shenyang Institute of Computing Technology, Chinese Academy of Sciences University of Chinese Academy of Sciences, Shenyang, China",2023 12th International Conference of Information and Communication Technology (ICTech),"29 Sep 2023","2023","","","393","398","Aiming at the interaction and fusion of digital space and physical space in digital twin system, a data driven digital twin visualization method for motion control is proposed. OPC UA protocol is adopted to realize data acquisition, and the disconnection reconnection mechanism is added to deal with emergencies; The acquisition time frequency is determined to ensure the smooth movement of the twin model, and the real-time data persistence operation is realized to facilitate the inverse time analysis of historical data; Realize the motion constraint of the twin model, add the parent-child hierarchical relationship between the motion limit constraint and the components of the equipment model, ensure that the twin model conforms to the real physical properties, and realize the motion drive, including coordinate movement, rotation, clamping, etc; The reverse time replication service is realized by adding data smoothing and other functions. The feasibility of the method is verified on the NC machine tool test bed and the stacking robot, which provides a practical basis for the method.","","979-8-3503-3291-9","10.1109/ICTech58362.2023.00080","","https://ieeexplore.ieee.org/stamp/stamp.jsp?arnumber=10261056","digital twins;visualization;data driven;motor control;high fidelity mapping","Analytical models;Time-frequency analysis;Data acquisition;Stacking;Data visualization;Aerospace electronics;Drives","","1","","11","IEEE","29 Sep 2023","","","IEEE","IEEE Conferences"
"Towards cloud-based Control-as-a-Service for modular Process Plants","L. Vogt; A. Klose; V. Khaydarov; C. Vockeroth; C. Endres; L. Urbas","Process-to-Order Lab, TU Dresden, Dresden, Germany; Process-to-Order Lab, TU Dresden, Dresden, Germany; Process-to-Order Lab, TU Dresden, Dresden, Germany; Sartorius Stedim Systems GmbH, Guxhagen, Germany; Sartorius Stedim Biotech GmbH, Göttingen, Germany; Chair of Process Control Systems, TU Dresden, Dresden, Germany",2023 IEEE 28th International Conference on Emerging Technologies and Factory Automation (ETFA),"12 Oct 2023","2023","","","1","4","BACKGROUND: Computational and data-intensive technologies such as model predictive control and artificial intelligence have the potential to increase process yields in the process industry. In modular plant designs, the flexible and difficult-to-predict use of a particular module presents the challenge of providing the right amount of data, computing power, and storage capacity to use these technologies in each module.OBJECTIVE: Simplifying the deployment and reconfiguration of compute-intensive applications for modular plants.METHODS: Reviewing the current state of the art and combining the modular plant concept with a cloud-based Control-as-a-Service (CaaS) approach.RESULTS: A cloud-based, containerized CaaS concept that supports the deployment compute- and data-intensive methods for modular plants. The complementing communication stack consisting of standards such as APL, TSN and OPC UA FX.CONCLUSION: The proposed architecture simplifies IT/OT integration, eases the deployment of compute-intensive technologies, and allows for GMP compliant pre-qualification of software modules. However, the limiting factors like plant safety, conformity to regulations and widespread architecture adoption are not covered in detail and will be subject of future research.","1946-0759","979-8-3503-3991-8","10.1109/ETFA54631.2023.10275544","","https://ieeexplore.ieee.org/stamp/stamp.jsp?arnumber=10275544","process control systems;modular plant;cloud;containerization","Limiting;Computer architecture;Maintenance engineering;Software;Regulation;Safety;Reliability","","1","","16","IEEE","12 Oct 2023","","","IEEE","IEEE Conferences"
"Deep Learning-based Enhanced Security in Cyber- Physical Systems: A Multi-Attack Perspective","S. S. Bindra; A. Aggarwal","Computer Science & Engineering Department Department, AIT Chandigarh University, Punjab, India; Computer Science & Engineering Department, AIT Chandigarh University, Punjab, India",2024 International Conference on Computational Intelligence and Computing Applications (ICCICA),"11 Jul 2024","2024","1","","347","352","Today{\prime}s key industries, including energy, healthcare, and transportation, rely heavily on Cyber-Physical Systems (CPS) as their foundation. All the same, these systems are seriously threatened by the wide range and growing complexity of cyberattacks. Traditional security measures typically fail when identifying intricate, multi-phase, and unique threats. This research presents a deep learning-based approach to improve CPS{\prime}s resistance against cyber threats. This work aims to detect multiple network attackers with distinct attack natures and provide a novel hybrid architecture. To analyze the performance of the proposed architecture, a publicly available dataset OPC UA is used, which contains Denial of Service (DoS), Man-in-the-middle (MITM), and spoofing attack data. The performance is compared with existing detection frameworks. The findings show a notable increase in detection accuracy over current approaches, underscoring the promise of deep learning strategies in protecting CPS against cyberattacks. This research contributes to cyber-physical security and provides valuable information for implementing intelligent attack detection systems in CPS.","","979-8-3503-0644-6","10.1109/ICCICA60014.2024.10584861","","https://ieeexplore.ieee.org/stamp/stamp.jsp?arnumber=10584861","Multi-attack detection;CPS;Deep learning;DoS;MITM;spoofing","Training;Deep learning;Support vector machines;Resistance;Accuracy;Transportation;Data models","","","","33","IEEE","11 Jul 2024","","","IEEE","IEEE Conferences"
"Research on Virtual Simulation Design of Intelligent Production Line Based on Visual Components and PLC","L. Zhou; Z. Dong; M. Mo; L. Che","Interdisciplinary Research Institute, Guangdong Polytechnic Normal University, Guangzhou, China; School of Mechatronic Engineering, Guangdong Polytechnic Normal University, Guangzhou, China; School of Mechatronic Engineering, Guangdong Polytechnic Normal University, Guangzhou, China; School of Mechatronic Engineering, Guangdong Polytechnic Normal University, Guangzhou, China",2024 International Symposium on Intelligent Robotics and Systems (ISoIRS),"30 Aug 2024","2024","","","237","242","This paper is based on Visual Components and PLC to conduct a virtual simulation design study on an intelligent CNC machining production line for typical part shaft in machinery. Firstly, built a simulation intelligent production line through Visual Components software. Used Siemens TIA Portal to write PLC program. Then established joint simulation communication between the two through OPC UA protocol. So as to realize the debugging and control of the operation of the simulation production line of CNC machining of parts shaft. Through joint simulation, the entire CNC machining process of the part shaft can be visually simulated, and simulation analysis can be used to predict and plan the actual production line layout. Optimized the production line process flow, and provide guidance for improving production efficiency. So as to reduce production costs, improving production working environment, and enhancing safety.","","979-8-3503-6479-8","10.1109/ISoIRS63136.2024.00053","","https://ieeexplore.ieee.org/stamp/stamp.jsp?arnumber=10649746","PLC;visual components;intelligent production li ne;joint simulation","Shafts;Visualization;Costs;Protocols;Layout;Machining;Software","","","","7","IEEE","30 Aug 2024","","","IEEE","IEEE Conferences"
"Integration of 5G and Industrial Digital Models: A Case Study with AGVs","J. Cañete-Martin; J. Gómez-Jerez; M. C. Lucas-Estañ; J. Gozalvez; F. Ubis","Uwicore laboratory, Universidad Miguel Hernandez de Elche, Elche (Alicante), Spain; Uwicore laboratory, Universidad Miguel Hernandez de Elche, Elche (Alicante), Spain; Uwicore laboratory, Universidad Miguel Hernandez de Elche, Elche (Alicante), Spain; Uwicore laboratory, Universidad Miguel Hernandez de Elche, Elche (Alicante), Spain; Visual Components, Espoo, Finland",2024 IEEE 29th International Conference on Emerging Technologies and Factory Automation (ETFA),"16 Oct 2024","2024","","","1","4","5G is a fundamental technology for the digitalization of smart manufacturing. Smart manufacturing relies on the use of digital models to optimize industrial processes before implementation on the manufacturing plants. These models should account for the impact of 5G communications to adequately dimension and optimize 5G-based industrial processes. This paper presents the first integration of industrial digital models with a 5G digital model, implemented as an Asset Administration Shell (AAS) of a 5G system. The two models are interconnected using an OPC UA-based interface. We evaluate the impact of the integrated model using a use case where Automated Guided Vehicles (AGVs) transport material from a warehouse to production lines. The AGVs periodically exchange their positions over 5G to avoid potential collisions. If the communications fail, the AGVs stop for safety reasons until a reliable 5G connection can be guaranteed. We demonstrate that, by integrating 5G and industrial digital models, it is possible to account for, and quantify, the impact of 5G communications on the operation and productivity of industrial processes. This result highlights the importance and necessity of integrating 5G into industrial digital models for their joint design and optimization.","1946-0759","979-8-3503-6123-0","10.1109/ETFA61755.2024.10711119","","https://ieeexplore.ieee.org/stamp/stamp.jsp?arnumber=10711119","Digital model;AAS;5G;Asset Administration Shell;Industry 4.0;manufacturing;digitalization","Productivity;Analytical models;Remotely guided vehicles;5G mobile communication;Safety;Industrial plants;Reliability;Optimization;Manufacturing automation;Smart manufacturing","","","","12","IEEE","16 Oct 2024","","","IEEE","IEEE Conferences"
"5G vPAC virtual hybrid power plant","K. Winter","Vattenfall Windkraft, Hamburg, Germany",8th International Hybrid Power Plants & Systems Workshop (HYB 2024),"30 Aug 2024","2024","2024","","36","39","Integration of renewables, electrolyzers and storage into existing electricity grid infrastructure often requires improved and easy to deploy computation and communication capability. Application of secure and deterministic communication enables quick aggregation and control of new and existing grid assets. Protection, control and data acquisition functionality can co-exist on the same communication fabric. The fifth generation telecom standard (5G) enables new solutions as it offers improvements in speed (enhanced Mobile BroadBand - eMBB), determinism (Ultra-Reliable Low Latency Communication - URLLC), number of connected devices (massive Machine Type Communications - mMTC) and third party function virtualization (Multi-access Edge Computing - MEC). With virtual protection, automation and control (vPAC), the network functions virtualization (NFV) and software defined networking (SDN) concepts from telecom are being applied to protection and control functionality in the power industry. The application of standard data center equipment enables enhanced computation capabilities, reliable operations as well as facilitated maintenance. Furthermore, private telecom spectrum assignment and operator network slicing enables new architectures such as private 5G systems to be considered. Technologies such as virtualization, time sensitive networking, OPC UA, IEC 61850 and Kafka can be applied to facilitate connection of renewables, electrolyzers and storage, realization of grid ancillary services, deployment of relay protection functions as well as connection of asset analytics and trading systems. A 5G vPAC Virtual Hybrid Power Plant field project based on a private 5G system has been set up in Stockholm, Sweden to demonstrate the benefits of these concepts. Results indicate that systems designs can be simplified, operations can be facilitated and cost savings can be realized.","","978-1-83724-148-4","10.1049/icp.2024.1815","","https://ieeexplore.ieee.org/stamp/stamp.jsp?arnumber=10660458","","","","","","","","30 Aug 2024","","","IET","IET Conferences"
"The CCAM Decision Support Platform of the DIGEST project – the Digital Twin as the result of a long-term research and development roadmap","W. Schildorfer; M. Neubauer; T. Novak; A. Kuhn; W. Aigner",NA; NA; NA; NA; NA,ICMIM 2024; 7th IEEE MTT Conference,"29 Aug 2024","2024","","","85","90","The DIGEST project demonstrated how road operators can be effectively supported in decision-making by a “digital twin” for various challenges in traffic management in general and in cooperative and automated driving in particular. For this purpose, a role model for operations, an information model and an IT architecture of a “digital twin” were developed, implemented using OPC UA and validated using three demonstrators. The digital twin developed in the project is called ‘CCAM Decision Support Platform’ to better explain the value and strategic approach of the digital twin. The project is an intermediate result of a long-term research and development roadmap of the authors in that domain. Based on previous publications of Dr. Uwe Plank-Wiedenbeck we identified promising cooperation potential in the domain of co-operative and cognitive mobility. Therefore, we are looking forward to discussing our results and research roadmaps with him and other experts at the International Conference on Microwaves for Intelligent Mobility.","","978-3-8007-6363-4","","","https://ieeexplore.ieee.org/stamp/stamp.jsp?arnumber=10654217","","","","","","","","29 Aug 2024","","","VDE","VDE Conferences"
"LOFAR2.0 Monitoring and Control Design","C. Lukken; J. D. Mol; H. Feldt; S. D. Frischia","ASTRON, the Netherlands Institute for Radio Astronomy, Dwingeloo, The Netherlands; ASTRON, the Netherlands Institute for Radio Astronomy, Dwingeloo, The Netherlands; ASTRON, the Netherlands Institute for Radio Astronomy, Dwingeloo, The Netherlands; INAF, National Institute for Astrophysics, OAAb, Teramo, Italy",2024 4th URSI Atlantic Radio Science Meeting (AT-RASC),"10 Jul 2024","2024","","","1","4","In this work we present the Monitoring & Control (M&C) software-architecture design for the LOFAR2.0 radio telescope. Including a radical shift to embracing Free & Open-Source Software (FOSS), decentralized and decoupled data storage, and the use of industry-standard protocols for data and control interfaces including OPC-UA [1] and Tango Controls [2]. We demonstrate that this design outperforms the previous design in accordance to a set of metrics from well established software quality characteristics such as maintainability and transferability.","","978-9-4639-6-8102","10.46620/URSIATRASC24/UQSS5723","","https://ieeexplore.ieee.org/stamp/stamp.jsp?arnumber=10584603","","Measurement;Protocols;Radio astronomy;Control design;Memory;Full stack;Software quality","","","","10","","10 Jul 2024","","","IEEE","IEEE Conferences"
"Digital Twin Development for a Quality Control Cell","M. Cavalcanti; H. Costelha; C. Neves; A. Martins; L. Perdigoto","School of Technology and Engineering, Polytechnic of Leiria, Leiria, Portugal; School of Technology and Engineering, Polytechnic of Leiria, Leiria, Portugal; School of Technology and Engineering, Polytechnic of Leiria, Leiria, Portugal; School of Technology and Engineering, Polytechnic of Leiria, Leiria, Portugal; School of Technology and Engineering, Polytechnic of Leiria, Leiria, Portugal","2023 9th International Conference on Control, Decision and Information Technologies (CoDIT)","24 Oct 2023","2023","","","01","06","The Digital Twin is one of the enabling technologies of Industry 4.0, Cyber-Physical Systems and Smart Factories. In this context, Digital Twins can be developed for being employed through the entire lifecycle of a system, for design, operation, monitoring, maintenance, and even fault prediction and reconfiguration. This paper describes the development of a Digital Twin for a Quality Control cell that is part of a larger manufacturing process in the automotive industry. The virtual environment was built using ABB RobotStudio, the communication between devices in the cell was implemented with OPC UA (UA. NET and open62541), and the process data are registered in a database using MySQL. The results show a fully functional simulation of the cell's behaviour and future development will include the connection of the Digital Twin with the real system.","2576-3555","979-8-3503-1140-2","10.1109/CoDIT58514.2023.10284308","","https://ieeexplore.ieee.org/stamp/stamp.jsp?arnumber=10284308","","Industries;Manufacturing processes;Service robots;Virtual environments;Quality control;Maintenance engineering;Digital twins","","","","15","IEEE","24 Oct 2023","","","IEEE","IEEE Conferences"
"Toward Deterministic Communications in 6G Networks: State of the Art, Open Challenges and the Way Forward","G. P. Sharma; D. Patel; J. Sachs; M. De Andrade; J. Farkas; J. Harmatos; B. Varga; H. -P. Bernhard; R. Muzaffar; M. Ahmed; F. Dürr; D. Bruckner; E. M. De Oca; D. Houatra; H. Zhang; J. Gross","EECS School, KTH Royal Institute of Technology, Stockholm, Sweden; Ericsson Research, Aachen, Germany; Ericsson Research, Stockholm, Sweden; Ericsson Research, Stockholm, Sweden; Ericsson Research, Budapest, Hungary; Ericsson Research, Budapest, Hungary; Ericsson Research, Budapest, Hungary; Silicon Austria Laboratories, Linz, Austria; Silicon Austria Laboratories, Linz, Austria; Silicon Austria Laboratories, Linz, Austria; Institute for Parallel and Distributed Systems, University of Stuttgart, Stuttgart, Germany; B&R Industrial Automation, Eggelsberg, Austria; Montimage, Paris, France; Orange Innovation, Châtillon, France; Department of Electrical and Computer Engineering, Iowa State University, Ames, IA, USA; EECS School, KTH Royal Institute of Technology, Stockholm, Sweden",IEEE Access,"6 Oct 2023","2023","11","","106898","106923","Over the last decade, society and industries have undergone rapid digitization that is expected to lead to the evolution of the cyber-physical continuum. End-to-end deterministic communications infrastructure is the essential glue that will bridge the digital and physical worlds of the continuum. We describe the state of the art and open challenges with respect to contemporary deterministic communications and compute technologies— 3GPP 5G, IEEE Time-Sensitive Networking, IETF DetNet, OPC UA as well as edge computing. While these technologies represent significant technological advancements towards networking Cyber-Physical Systems (CPS), we argue in this paper that they rather represent a first generation of systems that are still limited in different dimensions. In contrast, realizing future deterministic communications systems requires, firstly, seamless convergence between these technologies and, secondly, scalability to support heterogeneous (time-varying requirements) arising from diverse CPS applications. In addition, future deterministic communication networks will have to provide such characteristics end-to-end, which for CPS refers to the entire communication and computation loop, from sensors to actuators. In this paper, we discuss the state of the art regarding the main challenges towards these goals: predictability, end-to-end technology integration, end-to-end security, and scalable vertical application interfacing. We then present our vision regarding viable approaches and technological enablers to overcome these four central challenges. In particular, we argue that there is currently a window of opportunity to establish, through 6G standardization, the foundations for a scalable and converged deterministic communications and compute infrastructure. Key approaches to leverage in that regard are 6G system evolutions, wireless-friendly 6G integration with TSN and DetNet, novel end-to-end security approaches, efficient edge-cloud integrations, data-driven approaches for stochastic characterization and prediction, as well as leveraging digital twins towards system awareness.","2169-3536","","10.1109/ACCESS.2023.3316605","European Union’s Horizon 2020 Research and Innovation Program through the H2020 Project DETERMINISTIC6G(grant numbers:101096504); ","https://ieeexplore.ieee.org/stamp/stamp.jsp?arnumber=10254227","6G;URLLC;TSN;DetNet;wireless;machine learning;deterministic communication","6G mobile communication;Standards;Reliability;Convergence;Automation;Ultra reliable low latency communication;Security;Wireless networks;Machine learning","","33","","121","CCBYNCND","18 Sep 2023","","","IEEE","IEEE Journals"
"Improving the Real-Time Capability of MQTT for Sensor Networks (MQTT-SN) Using PREEMPT_RT","M. Nast; M. Rethfeldt; F. Golatowski; C. Haubelt","Institute of Applied Microelectronics and Computer Engineering, University of Rostock, Rostock, Germany; Institute of Applied Microelectronics and Computer Engineering, University of Rostock, Rostock, Germany; Institute of Applied Microelectronics and Computer Engineering, University of Rostock, Rostock, Germany; Institute of Applied Microelectronics and Computer Engineering, University of Rostock, Rostock, Germany",2024 IEEE 20th International Conference on Factory Communication Systems (WFCS),"31 May 2024","2024","","","1","8","Real-time capability plays an important role in modern factory communication systems. However, protocols such as MQTT, CoAP, and MQTT-SN, which are increasingly finding their way into industrial environments alongside industrial-grade protocols such as OPC UA and DDS, cannot fulfill the timing requirements without further optimization. In this paper, we present extensions of MQTT-SN to improve the real-time behavior in combination with PREEMPT_RT, which provides different real-time mechanisms for the Linux kernel. We address general, operating system-based, and hardware-specific optimizations. Their benefits are demonstrated by measurements in a practical testbed. The proposed extensions reduce delay and jitter, but do not aim to guarantee an upper bound on end-to-end delay.","2835-8414","979-8-3503-1934-7","10.1109/WFCS60972.2024.10540812","Ministry of Education; ","https://ieeexplore.ieee.org/stamp/stamp.jsp?arnumber=10540812","MQTT for Sensor Networks (MQTT-SN);Industrial Internet of Things (IIoT);real-time communication","Protocols;Upper bound;Linux;Jitter;Real-time systems;Production facilities;Delays","","4","","19","IEEE","31 May 2024","","","IEEE","IEEE Conferences"
"A Data-Driven Digital Twin Architecture for Failure Prediction of Customized Automatic Transverse Robot","W. Ye; X. Liu; X. Zhao; H. Fu; Y. Cai; H. Li","College of Mechanical Engineering, Zhejiang University of Technology, Hangzhou, China; College of Mechanical Engineering, Zhejiang University of Technology, Hangzhou, China; College of Mechanical Engineering, Zhejiang University of Technology, Hangzhou, China; Hangzhou Sotry Automatic and Control Technology Company Ltd., Hangzhou, China; Hangzhou Sotry Automatic and Control Technology Company Ltd., Hangzhou, China; Zhejiang Salt Industry Group Company Ltd., Hangzhou, China",IEEE Access,"2 May 2024","2024","12","","59222","59235","The customized automatic transverse robots play important roles in transporting heavy printing material rolls in automatic and intelligent flexible packaging printing workshops. A three-dimensional (3D) real-time visualization monitoring and feedback system of the customized automatic transverse robot is developed by adopting digital twin technology. This system is based on the theoretical framework of the data-driven digital twin model, and the main functions work through the physical layer, digital twin layer, and functional layer. The twin model is established and connected through the parent-child matching relationship of the components and it is driven by the real-time data which are acquired, transmitted and stored through communication protocols, such as OPC UA and RS-485. The physical automatic transverse robot and the virtual world of digital twins are synchronously mapped. The data are transferred from the virtual world twin model to the real world by establishing the application programming interface (API), implementing a feedback regulation mechanism that controls reality with virtuality. Combined with the long short-term memory (LSTM) model, the prediction of the failure trend of automatic transverse robot during the motion process has been achieved. A prototype digital twin system is developed for validation, which completes the closed-loop system of digital twin theory and proves the feasibility and effectiveness of the proposed system.","2169-3536","","10.1109/ACCESS.2024.3393027","Key Research and Development Program in Zhejiang Province of China(grant numbers:2022C01209,2023C01063); Key Research and Development Program in Hangzhou of China(grant numbers:2022AIZD0023); ","https://ieeexplore.ieee.org/stamp/stamp.jsp?arnumber=10507797","Digital twin;customized automatic transverse robots;feedback;LSTM;failure prediction","Digital twins;Robots;Long short term memory;Monitoring;Data models;Printing;Feedback;Predictive models;Failure analysis","","3","","30","CCBYNCND","24 Apr 2024","","","IEEE","IEEE Journals"
"Integrating Augmented Reality within Digital Twins for Smart Robotic Manufacturing Systems","T. Jochman; V. Voltr; V. Kubáček; O. Švec; P. Burget; V. Hlaváč","Department of Cybernetics, Faculty of Electrical Engineering, Czech Technical University in Prague, Prague, Czech Republic; Czech Institute of Informatics, Robotics and Cybernetics, Czech Technical University in Prague, Prague, Czech Republic; Czech Institute of Informatics, Robotics and Cybernetics, Czech Technical University in Prague, Prague, Czech Republic; Czech Institute of Informatics, Robotics and Cybernetics, Czech Technical University in Prague, Prague, Czech Republic; Czech Institute of Informatics, Robotics and Cybernetics, Czech Technical University in Prague, Prague, Czech Republic; Czech Institute of Informatics, Robotics and Cybernetics, Czech Technical University in Prague, Prague, Czech Republic",2024 IEEE 29th International Conference on Emerging Technologies and Factory Automation (ETFA),"16 Oct 2024","2024","","","1","8","This paper explores the integration of augmented reality into robotic manufacturing systems, emphasizing the enhancement of connectivity, real-time data processing, and interactive visual interfaces. Utilizing Hololens 2 headsets equipped with OPC UA clients, the system establishes a direct interface between operators and the digital and physical components of the manufacturing environment. The architecture employs augmented reality to facilitate sophisticated operational control and visualization, ranging from robotic additive manufacturing to complex tasks like robotic sanding and screwing with integrated camera systems. This integration showcases significant advancements in manufacturing processes, allowing operators to engage interactively with the systems, optimize workflows, and improve overall precision and efficiency in a smart factory setting.","1946-0759","979-8-3503-6123-0","10.1109/ETFA61755.2024.10710934","","https://ieeexplore.ieee.org/stamp/stamp.jsp?arnumber=10710934","Augmented reality;Human-Robot Interaction;Digital Twin;Robotic Manufacturing","Visualization;Manufacturing processes;Robot vision systems;Cameras;Real-time systems;User experience;Manufacturing;Workstations;Robots;Augmented reality","","2","","20","IEEE","16 Oct 2024","","","IEEE","IEEE Conferences"
"I Know Who You Scanned Last Summer: Mapping the Landscape of Internet-Wide Scanners","J. Mayer; M. Schramm; L. Bechtel; N. Lohmiller; S. Kaniewski; M. Menth; T. Heer","Esslingen University of Applied Sciences, Germany; Esslingen University of Applied Sciences, Germany; Esslingen University of Applied Sciences, Germany; Esslingen University of Applied Sciences, Germany; Esslingen University of Applied Sciences, Germany; University of Tübingen, Germany; Esslingen University of Applied Sciences, Germany",2024 IFIP Networking Conference (IFIP Networking),"15 Aug 2024","2024","","","222","230","In today's Internet, a plethora of services are, intentionally or unintentionally, publicly accessible. Internet-wide port scanning is a widely used method to discover such services. Malicious actors as well as researchers use port scans to detect and analyze exposed Internet services. Vulnerabilities in Internet of Things (IoT) devices and their associated services have been a target of widespread malicious activity involving botnets, such as the Mirai botnet. As a result, IoT protocols are of particular relevance to vulnerability scanning and Internet security. This development raises the question of who is scanning the Internet, particularly IoT ports, and their intentions. In this work, we analyze the traffic received over the period of 8 months on 6 honeypots located across different continents. On each honeypot, we provide selected IoT services, namely AMQP, CoAP, MQTT, and OPC UA. We identify scanners that scan these honeypots and categorize their scanning behavior, e.g., the scanning range and frequency. We identified 43 organizations responsible for 30.3 % of overall traffic, of which 21 scan at least one of the selected IoT services. We further analyze the scanning tools used. We identified traffic generated by scanning tools such as Masscan, ZMap” and the Mirai botnet.","1861-2288","978-3-903176-63-8","10.23919/IFIPNetworking62109.2024.10619808","","https://ieeexplore.ieee.org/stamp/stamp.jsp?arnumber=10619808","Honeypot;IoT;Port Scan;Scanning Tools","Schedules;Protocols;Botnet;Internet security;Web and internet services;Organizations;Internet of Things","","1","","32","","15 Aug 2024","","","IEEE","IEEE Conferences"
"Industry 4.0-compliant asset administration shell service collector using single-board computers","M. A. Bär; A. W. Colombo","Institute for Industrial Informatics Automation and Robotics, University of Applied Sciences Emden/Leer, Emden, Germany; Institute for Industrial Informatics Automation and Robotics, University of Applied Sciences Emden/Leer, Emden, Germany",Low-Cost Digital Solutions for Industrial Automation (LoDiSA 2023),"21 Nov 2023","2023","2023","","19","27","Industry 4.0-compliant digitalization is intensively penetrating the industrial Eco-system, bringing its benefits by generating or improving new complementary functionalities and associated business, providing a feasible way to interconnect stakeholders within the value chain and supply-chain, as well as along the product and system's Life-Cycle, which can share digitalized data and information in form of Added-value Services. To facilitate perform those businesses, Industry 4.0-compliant service-oriented infrastructures are required. Functionalities and associated data and information can be provided/exposed and/or consumed as services by systems of Cyber-physical things. In the language of Industry 4.0, those physical things are identified as “Assets”. Each physical “Asset” has associated a Cyber-part, the so called Asset Administration Shell (AAS), which contains a set of digitalized Data/Information/Function-Models, i.e., Digital Twins, and responsible for supporting an Industry 4.0-compliant communication/networking of the digitalized Asset. The AAS is fully responsible for the provision, exposition, consumption, composition, orchestration of services. The broad adoption of the AAS in a digitalized industrial environment is mainly depending on the costs of the digitalization-migration-process, which needs to respond to a set of functional and technical requirements. Among others, requirements for using Low-Cost technologies supporting the implementation of AAS with low energy consumption, efficiency and flexibility, should essentially be fulfilled. In this scenario, the authors present a service-collector of AAS that is implemented in commercial low-cost technology and deployed in a common Industry 4.0-compliant network, using REST-API and and OPC UA based infrastructure. The paper describes also the corresponding algorithm to perform the service-collection, based on the Python programming language, which is finally deployed and executed by a Single-Board Computer.","","978-1-83953-932-9","10.1049/icp.2023.1730","","https://ieeexplore.ieee.org/stamp/stamp.jsp?arnumber=10324652","","","","1","","","","21 Nov 2023","","","IET","IET Conferences"
"Towards Identifying Neglected, Obsolete, and Abandoned IoT and OT Devices","R. Yaben; N. Lundsgaard; J. August; E. Vasilomanolakis","Technical University of Denmark, Kongens Lyngby, Denmark; Technical University of Denmark, Kongens Lyngby, Denmark; Technical University of Denmark, Kongens Lyngby, Denmark; Technical University of Denmark, Kongens Lyngby, Denmark",2024 8th Network Traffic Measurement and Analysis Conference (TMA),"20 Jun 2024","2024","","","1","10","The rapid adoption of Internet of Things (IoT) and Operational Technology (OT) devices to control systems remotely has introduced significant cyber-security challenges. Attackers have compromised millions of such devices over the years, exploiting their lack of management and weak cyber-security. In this paper, we examine cyber-security issues of neglected, obsolete, and abandoned IoT and OT devices exposed to the Internet. The core of our work focuses on identifying these devices using common scanning tools to find indicators of vulnerabilities and misconfigurations. Moreover, we present an analysis of our Internet-wide scans during a period of two weeks targeting security issues in 8 IoT and OT protocols: MQTT, CoAP, XMPP, Modbus, OPC UA, RTPS, DNP3 and BACnet. We observed over 1 million addresses exposing one or more of these services, of which 675,896 appear vulnerable or misconfigured. Lastly, we examine the IP reputation of the vulnerable devices and show that 7,424 were reported at least once.","","978-3-903176-64-5","10.23919/TMA62044.2024.10558996","Independent Research Fund Denmark(grant numbers:2035-00030B); ","https://ieeexplore.ieee.org/stamp/stamp.jsp?arnumber=10558996","vulnerability identification;Internet-wide scans;IoT;OT","Ethics;Protocols;Security management;Telecommunication traffic;Control systems;Software;Encryption","","","","44","","20 Jun 2024","","","IEEE","IEEE Conferences"
"Machine Learning Model for System-of-Systems Interoperability","W. C. Alisawi; A. V. Panov","Institute of Information Technologies, Russian Technological University RTU MIREA, Moscow, Russia; Institute of Information Technologies, Russian Technological University RTU MIREA, Moscow, Russia",2024 International Ural Conference on Electrical Power Engineering (UralCon),"23 Oct 2024","2024","","","315","321","The article discusses the role of digitalization and the Internet of Things (IoT) in today's world, with a focus on their application in industrial automation as part of the Industry4.0 concept. A case is made for the use of IoT to improve monitoring, increase production flexibility and save resources. Particular attention is given to systems of systems (SoS), which consist of autonomous and interacting components. Five key characteristics of SoS are examined: autonomy, ownership, connectivity, diversity, and emergence. The paper also analyzes service-oriented architectures (SOAs), such as RAMI4.0 and OPC-UA, which are used to integrate IoT and SoS. The importance of developing interfaces and service contracts to enable interoperability between system components is discussed. A separate section is devoted to cyber-physical systems (CPS), which combine physical and computational elements to create more complex and interconnected industrial systems. The paper discusses the different classes of interoperability: informational, semantic, dynamic, and operational, and their role in the design and operation of SoS. It concludes by proposing the application of network control principles SPCFA to SoS system management, which contributes to improved monitoring and control in industrial automation.","","979-8-3503-8602-8","10.1109/UralCon62137.2024.10718707","","https://ieeexplore.ieee.org/stamp/stamp.jsp?arnumber=10718707","System of systems;agent-based model;System of System Engineering (SoSE);Architectures Services Oriented (ASO);connectivity","Power engineering;Automation;Protocols;Semantics;Production;Service-oriented architecture;Internet of Things;Interoperability;Monitoring;Standards","","","","25","IEEE","23 Oct 2024","","","IEEE","IEEE Conferences"
"Intuitive Instruction of Robot Systems: Semantic Integration of Standardized Skill Interfaces","J. Ding; I. Kessler; A. Perzylo; M. Knauer; A. Dömel; C. Willibald; S. Riedell; S. Profanterl; S. Brunner; A. Dunaev; L. Li; M. Brucker","fortiss GmbH, Munich, Germany; fortiss GmbH, Munich, Germany; fortiss GmbH, Munich, Germany; Institute of Robotics and Mechatronics, German Aerospace Center (DLR), Oberpfaffenhofen, Germany; Institute of Robotics and Mechatronics, German Aerospace Center (DLR), Oberpfaffenhofen, Germany; Institute of Robotics and Mechatronics, German Aerospace Center (DLR), Oberpfaffenhofen, Germany; Agile Robots SE, Munich, Germany; Agile Robots SE, Munich, Germany; Agile Robots SE, Munich, Germany; Agile Robots SE, Munich, Germany; Agile Robots SE, Munich, Germany; Agile Robots SE, Munich, Germany",2024 IEEE 22nd International Conference on Industrial Informatics (INDIN),"12 Dec 2024","2024","","","1","8","This work aims at facilitating the integration of industrial robots and other devices such as their gripper tools at small and medium-sized enterprises (SMEs). For this purpose, an intuitive user interface for the skill-based instruction of robot systems is combined with standardized opc UA-based skill interfaces that support various hardware and software resources from different manufacturers. Special emphasis is laid on supporting different user groups with varying levels of expertise. Production system engineers are provided with a detailed graphical user interface (GUI) for hierarchically defining new skills by combining preexisting ones. System operators receive a simplified view with limited complexity for process instruction and changing high-level task parameterizations. The skills and relevant semantic context knowledge about products, processes, and resources (PPR) are formally represented in OWL ontologies to enable hardware-agnostic process descriptions that can be deployed to different production environments, while automatically deriving parameterizations for skill invocations. The proposed concept has been qualitatively evaluated in two real-world robot workcells based on a smartphone accessory packaging use case.","2378-363X","979-8-3315-2747-1","10.1109/INDIN58382.2024.10774421","","https://ieeexplore.ieee.org/stamp/stamp.jsp?arnumber=10774421","Intuitive Robot Programming;Semantic Process Models;Standardized Skill Interfaces","Production systems;Automation;Service robots;Semantics;Standardization;Packaging;Software;Hardware;Robots;Graphical user interfaces","","","","23","IEEE","12 Dec 2024","","","IEEE","IEEE Conferences"
"Industrial Teleassistance with the Help of Augmented Reality","V. Bobeica; D. Popescu; N. Angelescu; L. Ichim","Faculty of Automatic Control and Computer Science, National University of Science and Technology Politehnica Bucharest, Bucharest, Romania; Faculty of Automatic Control and Computer Science, National University of Science and Technology Politehnica Bucharest, Bucharest, Romania; Faculty of Electrical Engineering, Electronics, and Information Technology, Valahia University of Targoviste, Targoviste, Romania; Faculty of Automatic Control and Computer Science, National University of Science and Technology Politehnica Bucharest, Bucharest, Romania",2024 23rd RoEduNet Conference: Networking in Education and Research (RoEduNet),"23 Oct 2024","2024","","","1","6","This paper details the integration of augmented reality (AR) in a new factory, focusing on enhancing maintenance efficiency and optimization. The innovative approach involves combining AR technology, an Android application, and Siemens PLCs (Programmable Logic Controller), for efficient automation. The robustness of the PLC enables seamless integration within manufacturing environments, accommodating diverse programming paradigms. The software aspect features Human Machine Interface (HMI) configuration using Siemens’ WinCC software, offering dynamic visualizations, alarm handling, and data logging. WinCC’s scalability suits applications of varying sizes. The HMI architecture is designed for easy parameter display. The Android application, developed with Java and Python, leverages their respective strengths in Android app development and image processing. Data exchange is facilitated by OPC-UA, supporting multiple programming languages for seamless communication. The AR Teleassistance is highlighted as a revolutionary solution, fostering real-time communication among global experts, technicians, and operators. Beyond gaming origins, AR teleassistance enhances efficiency in various sectors, minimizing downtime and facilitating global knowledge transfer. The integration of Teleassistance promotes effective collaboration between human expertise and automated systems, crucial for optimal performance in modern industrial settings. Continuous development is suggested through the addition of more 3D mechanical drawings and real-time stock information for parts in the application, aiming for future optimization and performance enhancement.","2247-5443","979-8-3315-4038-8","10.1109/RoEduNet64292.2024.10722686","","https://ieeexplore.ieee.org/stamp/stamp.jsp?arnumber=10722686","augmented reality;manufacturing environment;production processes;image processing;data exchange;smart industrial;global knowledge","Technological innovation;Three-dimensional displays;Scalability;Real-time systems;Software;Robustness;Optimization;Augmented reality;Videos;Python","","","","9","IEEE","23 Oct 2024","","","IEEE","IEEE Conferences"
"IESF: Interval Event Streaming Format for the Data Lake of Production","M. Zeng; M. Rudack; M. Moser; S. Ulrich; A. Gannouni; A. Abdelrazeq; A. Bührig-Polaczek; R. H. Schmitt","Chair of Production Metrology and Quality Management and Information Management in Mechnanical Engineering, RWTH Aachen University, Aachen, Germany; Foundry Institute, RWTH Aachen University, Aachen, Germany; Chair of Production Metrology and Quality Management and Information Management in Mechnanical Engineering, RWTH Aachen University, Aachen, Germany; Chair of Production Metrology and Quality Management and Information Management in Mechnanical Engineering, RWTH Aachen University, Aachen, Germany; Chair of Production Metrology and Quality Management and Information Management in Mechnanical Engineering, RWTH Aachen University, Aachen, Germany; Chair of Production Metrology and Quality Management and Information Management in Mechnanical Engineering, RWTH Aachen University, Aachen, Germany; Foundry Institute, RWTH Aachen University, Aachen, Germany; Chair of Production Metrology and Quality Management and Information Management in Mechnanical Engineering, RWTH Aachen University, Aachen, Germany",2023 Eighth International Conference on Fog and Mobile Edge Computing (FMEC),"8 Nov 2023","2023","","","159","166","The Industrial Internet of Things (IIoT) collects data from heterogeneous sensor networks, individual instruments, machine controls, and other interconnected devices. The transmission of data to a central repository, such as a data lake, and its aggregation is considered one of the prerequisites for Industry 4.0 and the Internet of Production (IoP). In the vast majority of cases, data collected by IIoT systems is transmitted as continuous stream of time-stamped measurement data. However, for the analysis and optimization of industrial processes, data needs to be aggregated and transformed into process-centric data models that represent the process as a discrete sequence of events. Established protocols such as OPC UA or XES support only one perspective each: that of the machines or that of the process. Our aim therefore is, to develop a unified data streaming message format that enables IIoT systems to collect and transmit machine-centric time series data enriched with process-centric temporal structuring. This is achieved by defining a set of six data streaming message types that are capable of communicating data linked to instants, time intervals and sets of time intervals. We validate the capabilities of the proposed format by applying it to the discontinuous, cyclic High-Pressure Die Casting (HPDC) process. We demonstrate that the introduction of the interface facilitates efficient transmission of process data and reduced effort in data retrieval, preparation and analysis.","","979-8-3503-1697-1","10.1109/FMEC59375.2023.10306240","Deutsche Forschungsgemeinschaft (DFG, German Research Foundation) under Germany's Excellence Strategy-EXC-2023 Internet of Production; ","https://ieeexplore.ieee.org/stamp/stamp.jsp?arnumber=10306240","Data Streaming;Data Lake;High Pressure Die Casting;HPDC;Internet of Production;Industry 4.0","Protocols;Soft sensors;Computational modeling;Time series analysis;Semantics;Production;Xenon","","","","28","IEEE","8 Nov 2023","","","IEEE","IEEE Conferences"
"Increasing Ethernet TSN Multi-Protocol Interoperability by Algorithmic Configuration Merge","J. Albrecht; A. Biendarra; J. Jasperneite","Fraunhofer IOSB-INA, Lemgo, Germany; Fraunhofer IOSB-INA, Lemgo, Germany; Fraunhofer IOSB-INA, Lemgo, Germany",2023 IEEE 21st International Conference on Industrial Informatics (INDIN),"22 Aug 2023","2023","","","1","6","Standardization and prototyping of Ethernet Time Sensitive Networking (TSN) makes progress and its mechanisms are utilized with various application protocols and technologies within the industrial automation domain. Sharing Ethernet TSN mechanisms in multi-protocol networks impacts interoperability. Although the International Electrotechnical Commission (IEC) and the Institute of Electrical and Electronics Engineers (IEEE) attempt to unify Ethernet TSN utilization with the IEC/IEEE 60802 TSN Profile for Industrial Automation, Ethernet TSN devices already exists on the market by different vendors. An area of conflict is the egress configuration of a single Ethernet-Interface for TSN streams of different technologies, such as PROFINET, CC-Link IE TSN and OPC UA Field eXchange. A practical post processing solution can be to merge Ethernet TSN configurations for a single port. A concept for a Configuration Merge Algorithm (COMEA) is presented in this work. A test environment consisting of multiple industrial automation applications with an Ethernet TSN network infrastructure is used to demonstrate the result of application.","2378-363X","978-1-6654-9313-0","10.1109/INDIN51400.2023.10217988","","https://ieeexplore.ieee.org/stamp/stamp.jsp?arnumber=10217988","TSN;Interoperability;Network Configuration","Automation;Protocols;IEC;Ethernet;Standardization;Informatics;Interoperability","","","","28","IEEE","22 Aug 2023","","","IEEE","IEEE Conferences"
"Asset-Administration-Shell-Based Continuous Engineering in Energy Industries","S. Grüner; N. Eskandani; K. Stark; M. Hoernicke; R. Braun","ABB Corporate Research Center Germany, Ladenburg, Germany; ABB Corporate Research Center Germany, Ladenburg, Germany; ABB Corporate Research Center Germany, Ladenburg, Germany; ABB Corporate Research Center Germany, Ladenburg, Germany; ABB Corporate Research Center Germany, Ladenburg, Germany",2024 IEEE 29th International Conference on Emerging Technologies and Factory Automation (ETFA),"16 Oct 2024","2024","","","01","08","Asset engineering process in energy industry domain is a complex multi-disciplinary and multi-organizational process including an iterative exchange of a large number of artifacts. Legacy document-centric exchange process of those artifacts is an error-prone semi-manual process negatively impacting overall project duration and quality. We present results of a collaborative study between ABB and Equinor exploring the potential of the digitalization of this process based on Industry 4.0 technologies, especially the Asset Administration Shell. An exemplary engineering workflow including OPC UA and AutomationML models embedded in Asset Administration Shells was implemented along with novel Asset Administration Shell infrastructure. Despite minor flaws in maturing Industry 4.0 technologies, no major roadblocks were identified.","1946-0759","979-8-3503-6123-0","10.1109/ETFA61755.2024.10711114","","https://ieeexplore.ieee.org/stamp/stamp.jsp?arnumber=10711114","Asset Administration Shell;Industry 4.0;Engineering;Energy Industries","Industries;Fault diagnosis;Collaboration;Fourth Industrial Revolution;Iterative methods;Manufacturing automation","","","","20","IEEE","16 Oct 2024","","","IEEE","IEEE Conferences"
"Research on Construction of Digital Twin Models for Workshop-level Industrial Equipment","C. Hu; Z. Zhang; D. Tang; Y. Hu","College of Mechanical & Electrical Engineering, Nanjing University of Aeronautics and Astronautics, Nanjing, China; College of Mechanical & Electrical Engineering, Nanjing University of Aeronautics and Astronautics, Nanjing, China; College of Mechanical & Electrical Engineering, Nanjing University of Aeronautics and Astronautics, Nanjing, China; College of Mechanical & Electrical Engineering, Nanjing University of Aeronautics and Astronautics, Nanjing, China",2023 28th International Conference on Automation and Computing (ICAC),"16 Oct 2023","2023","","","1","6","As a key driver for the intelligent transformation of manufacturing industry, digital twin technology enables the integration of physical space and information space, with the ability to describe, diagnose, predict, and make decisions about physical entities. In order to enhance the efficiency and authenticity of constructing digital twin workshops, this paper proposes a digital twin modeling method suitable for most workshop-level industrial equipment based on the three-layer architecture of digital twins. The paper first establishes the system architecture of the workshop's digital twin system. Then, it describes the modeling method from the aspects of geometry, physics, mechanics, and introduces the information concept model for the workshop. The method is implemented using OPC UA to achieve information modeling and virtual-to-real mapping. Finally, a digital twin implementation is performed for a manufacturing workshop to validate the effectiveness of the proposed method.","","979-8-3503-3585-9","10.1109/ICAC57885.2023.10275161","National Natural Science Foundation of China(grant numbers:92267109); ","https://ieeexplore.ieee.org/stamp/stamp.jsp?arnumber=10275161","digital twin;modeling method;information modeling;virtual-real mapping","Point cloud compression;Solid modeling;Conferences;Computational modeling;Systems architecture;Production;Mathematical models","","","","13","IEEE","16 Oct 2023","","","IEEE","IEEE Conferences"
"Simulation and Digital Twin: Modern Technology and Approach","R. V. Salunke; A. A. Shinde; M. S. Patil","E&TC Department, Indira College of Engineering and Management Parandwadi Pune. Research Scholar at Bharati Vidyapeeth (Deemed to be University) College of Engineering, Pune, India; Department of Electronics & Communication Engg., Bharati Vidyapeeth (Deemed to be University) College of Engineering, Pune, India; E&TC Department, Indira College of Engineering and Management Parandwadi Pune. Research Scholar at Bharati Vidyapeeth (Deemed to be University) College of Engineering, Pune, India","2023 7th International Conference On Computing, Communication, Control And Automation (ICCUBEA)","22 Jan 2024","2023","","","1","6","Visualize your digital twin residing in a virtual environment where you could test every choice, prepare for any surprise, and create your best and most prosperous existence in life. Imagine your digital twin living in a virtual world. As more variants can be explored through simulation, analysis and design cycles are shortened and better optimized results are ensured. Through the device's lifecycle, the results of simulations can easily be shared for additional purposes rather than remaining stranded in closed environments. By digitally mirroring important data and behavior, a digital twin makes this possible. In doing so, it makes tasks like configuration, condition monitoring, and prediction simpler. To support decisions made on the production floor, this data can also be accessed on mobile devices, for instance with the use of augmented reality. On similar lines, in this paper modern technology used in creating a Digital twin step by step and simulating it with simulation software is explained with the help of a case study of industrial Box Lift Machine along with communication feature like OPC UA and Human machine interface HMI. Latest modern technology for Simulation and Digital Twin is explained along with its practical implementation.","2771-1358","979-8-3503-0426-8","10.1109/ICCUBEA58933.2023.10392106","","https://ieeexplore.ieee.org/stamp/stamp.jsp?arnumber=10392106","Digital Twin;Simulation;Automation Studio OPCUA;HMI;industrialPhysics;MapleSim;Automation Runtime","Condition monitoring;Runtime;Human-machine systems;Virtual environments;Production;Software;Mobile handsets","","","","13","IEEE","22 Jan 2024","","","IEEE","IEEE Conferences"
